PDB_ID	CHAIN_ID	MOD	MOD_ID	UNP
1kfl	A	PHE	1354	P0AB91
6agm	A	TYR	601	P00888
3pg9	A	TYR	339	Q9WYH8
1of6	A	DTY	1370	P32449
1ofr	H	PHE	1002	P32449
1og0	A	PHE	1012	P32449
4uc5	A	PHE	1354	Q9K169
3hrf	A	P47	1374	O15530
3nax	A	MP7	363	O15530
3orx	A	1F8	1	O15530
3orz	A	2A2	1	O15530
3otu	A	J30	1	O15530
4a06	A	A06	600	O15530
4a07	A	AZ7	600	O15530
4aw0	A	MJF	600	O15530
4aw1	A	21O	1361	O15530
4ct1	A	31S	600	O15530
4rqk	A	R1S	404	O15530
4rqv	A	R2S	406	O15530
4xx9	A	RF4	402	O15530
5ack	A	SVQ	600	O15530
5lvn	A	ADN	402	O15530
5lvo	A	78W	402	O15530
5lvp	E	HM-peptide	1-15	O15530
5mrd	A	S26	401	O15530
7ld3	R	XTD	402	P30542
3vg9	R	Chain_B	402	P29274
3vga	R	Chain_B	402	P29274
1j07	A	DCU	951	P21836
1n5m	A	GMN	951	P21836
1n5r	A	PRM	951	P21836
2ha0	A	CHH	1602	P21836
2ha2	A	SCK	901	P21836
2ha3	A	CHT	952	P21836
2ha4	A	ACH	545	P21836
2ha5	A	ETM	1905	P21836
2ha6	A	SCK	901	P21836
2ha7	A	BCH	910	P21836
2c4h	A	AT3	1541	P04058
2c58	A	AT3	1537	P04058
2c5f	A	CHH	1542	P04058
2c5g	A	ETM	1538	P04058
2j3q	A	TFL	1538	P04058
1i72	A	PUT	350	P17707
1i79	A	PUT	350	P17707
1i7b	A	PUT	350	P17707
1i7c	A	PUT	350	P17707
1i7m	B	PUT	350	P17707
1msv	A	PUT	355	P17707
3dz3	B	PUT	350	P17707
3ep5	A	URE	350	P17707
3epa	A	PUT	350	P17707
3epb	B	PUT	350	P17707
3h0v	B	PUT	350	P17707
3h0w	B	PUT	350	P17707
1yp2	B	SO4	350	P23509
1yp2	A	SO4	2007	P23509
1yp3	A	SO4	2007	P23509
1yp3	A	SO4	1007	P23509
1yp4	A	SO4	1007	P23509
1yp4	A	SO4	1007	P23509
3brk	X	SO4	601	P39669
5w5r	A	PYR	503	P39669
5w5t	F	9X7	503	P39669
1ao0	A	ADP	468	P00497
1gph	1	AMP	468	P00497
1ecb	A	5GP	506	P0AG16
2v8q	E	AMP	1329	P80385
2v92	E	AMP	1329	P80385
2v9j	E	AMP	1329	P80385
2y8l	E	AMP	1329	P80385
2y8q	E	AMP	1328	P80385
2ya3	E	AMP	1327	P80385
4cfh	E	AMP	1326	P80385
4eag	C	ATP	402	P80385
4eaj	C	AMP	403	P80385
4eak	C	ATP	402	P80385
4eal	C	AMP	402	P80385
4qfg	C	AMP	401	P80385
4qfr	C	AMP	401	P80385
4qfs	C	AMP	401	P80385
5kq5	A	6VT	602	P54645
5t5t	B	75O	4000	P54645
4cfe	E	AMP	1328	P54619
4cff	B	C1V	1271	Q9Y478
4cff	E	AMP	1327	P54619
3kh5	A	AMP	282	Q58622
4zhx	E	C2Z	401,402	P54646
4zhx	F	C2Z	401,402	P54646
5ezv	E	C2Z	401	P54646
1i1q	A	TRP	1001	P00898
1i7s	A	TRP	601	P00897
4kgv	B	ATP	202	E8Y329
4kgx	B	CTP	202	E8Y329
4kh0	B	ATP	202	E8Y329
4kh1	B	CTP	202	E8Y329
1raa	B	CTP	999	P0A7F3
1rab	B	CTP	999	P0A7F3
1rac	B	CTP	999	P0A7F3
1rad	B	CTP	999	P0A7F3
1rae	B	CTP	999	P0A7F3
1raf	B	CTP	999	P0A7F3
1rag	B	CTP	999	P0A7F3
1rah	B	CTP	999	P0A7F3
1rai	B	CTP	999	P0A7F3
1tug	B	CTP	1156	P0A7F3
1za1	B	CTP	901	P0A7F3
1za2	B	CTP	155	P0A7F3
2fzc	B	CTP	901	P0A7F3
2fzg	B	CTP	901	P0A7F3
2fzk	B	CTP	901	P0A7F3
4at1	B	ATP	155	P0A7F3
4fyv	B	DCP	202	P0A7F3
4fyw	B	CTP	202	P0A7F3
4fyx	B	UTP	202	P0A7F3
4fyy	B	UTP	202	P0A7F3
5at1	B	CTP	155	P0A7F3
7at1	B	ATP	155	P0A7F3
8at1	B	CTP	155	P0A7F3
2be9	B	CTP	401	P74766
3c1n	A	THR	471	Q57991
2cdq	A	SAM	1500	Q9LYU8
3l76	A	LYS	603	P74569
3l76	A	LYS	604	P74569
3l76	A	THR	601	P74569
3l76	A	THR	602	P74569
6o0h	A	LBG	2001	P53396
1i2d	A	ADX	575	Q12650
1m8p	A	PPS	574	Q12650
1w96	A	S1A	1567	Q00955
2ewn	A	BTX	501	P06709
4wf2	A	BTX	501	P06709
1wqw	A	BT5	1301	O57883
2deq	B	BT5	1301	O57883
2djz	A	BT5	1301	O57883
2dkg	B	BT5	1301	O57883
2dti	B	BT5	1301	O57883
2dve	B	BT5	1301	O57883
2dxu	B	BT5	2301	O57883
2dz9	B	BT5	1001	O57883
4op0	A	BT5	301	I6YFP0
1uwh	A	BAX	1723	P15056
1uwj	A	BAX	1723	P15056
3idp	A	L1E	2	P15056
3q96	A	0NF	1	P15056
4dbn	A	0JA	901	P15056
4fc0	A	0T2	901	P15056
4g9c	A	0WP	801	P15056
4g9r	A	B1E	801	P15056
4jvg	A	B96	801	P15056
6p7g	A	E7M	801	P15056
7dtt	A	CA	1101	P41180
7dtt	A	CA	1102	P41180
7dtu	A	TRP	1101	P41180
7dtv	A	CA	1108	P41180
7dtv	A	CA	1102	P41180
7dtv	A	TRP	1101	P41180
7e6t	A	CA	902	P41180
7e6t	A	CA	903	P41180
7e6t	A	TCR	907	P41180
7e6t	A	CA	904	P41180
1ckk	A	CA	904	P62158
1iq5	A	CA	904	P62158
1nwd	A	CA	904	P62158
3j41	A	CA	904	P62158
1cgp	A	CMP	206	P0ACJ8
1g6n	A	CMP	621	P0ACJ8
1hw5	A	CMP	210	P0ACJ8
1i5z	A	CMP	301	P0ACJ8
1i6x	A	CMP	301	P0ACJ8
1j59	A	CMP	762	P0ACJ8
1lb2	A	CMP	679	P0ACJ8
1o3q	A	CMP	1	P0ACJ8
1o3r	A	CMP	1	P0ACJ8
1o3s	A	CMP	1	P0ACJ8
1o3t	A	CMP	762	P0ACJ8
1run	A	CMP	679	P0ACJ8
1ruo	A	CMP	210	P0ACJ8
1zrc	A	CMP	210	P0ACJ8
1zrd	A	CMP	210	P0ACJ8
1zre	A	CMP	210	P0ACJ8
1zrf	A	CMP	622	P0ACJ8
2cgp	A	CMP	621	P0ACJ8
2gzw	A	CMP	1301	P0ACJ8
3iyd	G	CMP	679	P0ACJ8
3kcc	A	CMP	301	P0ACJ8
3n4m	A	CMP	210	P0ACJ8
3qop	A	CMP	301	P0ACJ8
3rdi	A	CMP	301	P0ACJ8
3rou	A	CMP	301	P0ACJ8
3rpq	A	CMP	301	P0ACJ8
3ryp	A	CMP	301	P0ACJ8
3ryr	A	CMP	301	P0ACJ8
4ft8	A	CMP	301	P0ACJ8
4hzf	A	CMP	301	P0ACJ8
4i01	A	CMP	301	P0ACJ8
4i02	A	CMP	301	P0ACJ8
4i09	A	CMP	301	P0ACJ8
4i0a	A	CMP	301	P0ACJ8
4i0b	A	CMP	301	P0ACJ8
4r8h	A	SP1	301	P0ACJ8
4r8h	B	SP1	301	P0ACJ8
3i54	A	CMP	301	P9WMH3
3i59	A	N6R	301	P9WMH3
3mzh	A	CMP	623	P9WMH2
4a2u	A	CMP	280	I6Y496
2oz6	A	CMP	301	P55222
1a9x	A	ORN	1920	P00968
1bxr	A	ORN	1085	P00968
1c30	A	ORN	4010	P00968
1c3o	A	ORN	4011	P00968
1ce8	A	ORN	5011	P00968
1ce8	A	IMP	5012	P00968
1cs0	A	ORN	5010	P00968
1jdb	B	ORN	1095	P00968
1kee	A	ORN	5011	P00968
1m6v	A	ORN	4011	P00968
1t36	A	ORN	1089	P00968
1t36	A	U	1091	P00968
3h30	A	RFZ	337	P68400
2fqq	B	F1G	1	P29466
3kjf	B	B92	285	P42574
1shj	A	NXN	401	P55210
1shl	A	FXN	401	P55210
2qlj	A	CIT	850	P55210
4fea	A	0TE	701	P55210
5v6u	B	8YM	401	P55210
5v6z	B	8YJ	401	P55210
3f9n	A	38M	324	O14757
3jvr	A	AGX	901	O14757
3jvs	A	AGY	900	O14757
4mbs	A	MRV	1101	P00268
4xnv	A	BUR	1101	P00268
2fsz	B	OHT	104	Q92731
1csm	B	TRP	501	P32178
2csm	A	TYR	300	P32178
3csm	A	TRP	300	P32178
4csm	A	TYR	300	P32178
5csm	A	TRP	300	P32178
1nxg	A	NAI	3000	P0ABH7
1owb	A	NAD	3000	P0ABH7
4jaf	A	NAI	503	P0ABH7
4k5y	A	1Q5	401	P34998
2oiq	A	STI	1001	P00523
3el8	A	PD5	601	P00523
3f3t	A	1AU	1	P00523
3f3u	A	1AW	1	P00523
3f3v	A	1BU	1	P00523
3f3w	A	1BU	1	P00523
3g6g	A	G6G	1	P00523
3tz7	A	AQB	601	P00523
3tz8	A	AQM	1	P00523
3tz9	A	AQU	1	P00523
4agw	A	NG7	1534	P00523
5j5s	A	6G3	601	P00523
5tkv	A	CTP	601	P0A7E5
5u3c	A	CTP	601	P0A7E5
5u6r	A	CTP	601	P0A7E5
4pcu	A	SAM	603	P35520
4uuu	A	SAM	1546	P35520
1w0f	A	STR	1499	P08684
1egy	A	9AP	801	Q00441
1eup	A	ASD	452	Q00441
2jc9	A	ADN	1497	P49902
2jc9	A	ADN	1498	P49902
2xcv	A	DG2	1489	P49902
2xcw	A	ATP	1489	P49902
2xjc	A	B4P	1490	P49902
2xjd	A	ATP	1489	P49902
2xje	A	ATP	1490	P49902
2xjf	A	DG2	1489	P49902
4h4b	A	11H	601	P49902
5opk	A	MG	512	P49902
5opk	A	DTP	514	P49902
5opm	A	MG	610	P49902
5opm	A	DTP	504	P49902
2i80	A	G1L	400	Q5HEB7
3gnv	A	XNZ	579	O92972
3gnw	A	XNC	579	O92972
3mww	B	BIW	577	O92972
4dqw	B	ATP	577	Q9HXM5
4jjs	A	1M9	601	O92972
4jju	A	1MB	3002	O92972
4jtw	A	1NU	3002	O92972
4jty	A	1NV	3002	O92972
4jtz	A	1NW	3002	O92972
4ju1	A	1NZ	3002	O92972
4ju2	A	1O0	3002	O92972
4jvq	A	1ML	3002	O92972
5czb	A	55W	601	O92972
5czb	B	55W	601	O92972
2hvw	A	DCP	1201	Q8DSE5
4p9d	A	TTP	203	Q8DSE5
5c2o	A	TTP	704	Q8DSE5
5c2o	B	TTP	704	Q8DSE5
1yxd	B	LYS	2300	P0A6L2
2ats	A	DLY	3001	P0A6L2
3puo	A	LYS	293	Q9I4W3
3tce	A	LYZ	4990	Q9I4W3
4dpq	A	LYS	404	Q9I4W3
4fha	A	LYS	401	Q9I4W3
4hnn	A	LYS	401	Q9I4W3
4i7w	A	LYS	301	Q9I4W3
4m19	A	LYS	301	Q9I4W3
4mlr	A	LYS	301	Q9I4W3
5f1u	A	3VN	301	Q9PPB4
5f1u	D	3VN	301	Q9PPB4
5f1v	A	3VN	304	Q9PPB4
1q0b	A	NAT	604	P52732
1x88	A	NAT	801	P52732
1yrs	A	L47	604	P52732
2fky	A	N2T	604	P52732
2fl2	A	N4T	604	P52732
2fl6	A	N5T	604	P52732
2g1q	A	N9H	604	P52732
2gm1	A	2AZ	371	P52732
2ieh	A	MOY	602	P52732
2pg2	A	K01	604	P52732
2q2y	A	MKR	604	P52732
2q2z	A	MKK	604	P52732
2uyi	A	K02	604	P52732
2uym	A	K03	604	P52732
2wog	A	ZZD	1365	P52732
2x2r	A	X2O	1367	P52732
2x7c	A	KZ9	1365	P52732
2x7d	A	EGB	1369	P52732
2x7e	A	X7E	1365	P52732
2xae	A	2XA	1365	P52732
3cjo	A	K30	1	P52732
3k3b	A	L31	371	P52732
3k5e	A	K5E	369	P52732
3ken	A	ZZD	370	P52732
3l9h	A	EMQ	601	P52732
3wpn	A	B4S	401	P52732
3zcw	A	4A2	1366	P52732
3zcw	A	4A2	1367	P52732
4a50	A	DQ6	1367	P52732
4a51	A	DQ8	801	P52732
4ap0	A	G7X	2001	P52732
4as7	A	6LX	1375	P52732
4bbg	A	V02	1370	P52732
4bxn	A	MJQ	1375	P52732
6hkx	A	GCE	602	P52732
6hky	A	GCE	403	P52732
6ta3	K	MZK	501	P52732
6tiw	K	MZK	501	P52732
5d41	A	57N	1103	P00533
6duk	A	JBJ	1103	P00533
6p1d	A	NQ1	1302	P00533
6p1l	A	9LL	1102	P00533
6p1q	B	NQ1	1102	P00533
6p8q	A	O57	2001	P00533
6z4b	A	9LL	1102	P00533
7a2a	A	57N	1101	P00533
6i5g	A	PTG	607	P34913
5di7	A	5CQ	601	P03372
5did	A	5CK	601	P03372
5die	A	5CJ	601	P03372
5dk9	A	5CC	601	P03372
5dkb	A	5C9	601	P03372
5dke	A	5C8	601	P03372
5dkg	A	5C7	601	P03372
5dks	A	5C6	601	P03372
5dl4	A	5C4	601	P03372
5dlr	A	5DJ	601	P03372
5dmc	A	5DH	601	P03372
5dmf	A	5DG	601	P03372
5dp0	A	5ES	601	P03372
5drj	A	5EU	601	P03372
5drm	A	5ET	601	P03372
5dtv	A	5FS	601	P03372
5du5	A	5G2	601	P03372
5due	A	5FY	900	P03372
5dug	A	5FV	900	P03372
5duh	A	5FT	900	P03372
5dvs	A	5G7	900	P03372
5dvv	A	5G6	900	P03372
5dwe	A	5G5	900	P03372
5dwg	A	5G4	900	P03372
5dwi	A	5G3	900	P03372
5dwj	A	5J2	901	P03372
5dxk	A	5J1	900	P03372
5dxm	A	5J0	900	P03372
5dxp	A	5HX	900	P03372
5dxq	A	5HZ	900	P03372
5dxr	A	5HW	900	P03372
5dy8	A	5K4	900	P03372
5dyb	A	5K2	900	P03372
5dyd	A	5K1	900	P03372
5dz0	A	5K0	900	P03372
5dz1	A	5JY	900	P03372
5dz3	A	5JX	900	P03372
5dzh	A	5KG	900	P03372
5dzi	A	5KF	901	P03372
5e0w	A	5KE	900	P03372
5e0x	A	5KD	900	P03372
5e14	A	5KB	900	P03372
5e15	A	5KA	900	P03372
5e19	A	5K7	901	P03372
5e1c	A	5K8	900	P03372
1kmp	A	FDC	742	P13036
1po0	A	FLC	742	P13036
1po3	A	FLC	742	P13036
1fta	A	AMP	338	P09467
2fhy	A	A37	502	P09467
2fie	A	A74	701	P09467
2jjk	A	R15	1336	P09467
2vt5	A	ROK	1337	P09467
2wbb	A	RO3	1336	P09467
2wbd	A	RO5	1337	P09467
2y5k	A	YCU	1336	P09467
2y5l	A	RO8	1000	P09467
3a29	A	2T0	401	P09467
3ifa	A	AMP	339	O00757
3ifc	A	AMP	339	O00757
3kbz	A	2T4	401	P09467
3kc0	A	2T5	401	P09467
3kc1	A	2T6	401	P09467
4mjo	A	2C1	401	P09467
5pzr	A	93S	401	P09467
5pzs	A	93Y	401	P09467
5pzu	A	94D	401	P09467
5pzv	A	94G	401	P09467
5pzw	A	94J	401	P09467
5pzx	A	94S	401	P09467
5pzy	A	94V	401	P09467
5pzz	A	94Y	401	P09467
5q00	A	95D	401	P09467
5q01	A	95G	401	P09467
5q02	A	95J	401	P09467
5q03	A	95M	401	P09467
5q04	A	95P	401	P09467
5q05	A	95S	401	P09467
5q06	A	95V	401	P09467
5q07	A	95Y	401	P09467
5q09	A	96A	401	P09467
5q0a	A	96D	401	P09467
5q0b	A	96J	401	P09467
6ls5	A	EUF	401	P09467 
1eyj	A	AMP	341	P00636
1eyk	A	AMP	341	P00636
1fbp	A	AMP	337	P00636
1fj9	A	AMP	401	P00636
1fpd	A	AMP	339	P00636
1fpe	A	AMP	339	P00636
1fpf	A	AMP	339	P00636
1fpg	A	AMP	339	P00636
1fpi	A	AMP	339	P00636
1fpj	A	AMP	338	P00636
1fpl	A	AMP	339	P00636
1frp	A	AMP	338	P00636
1fsa	A	AMP	340	P00636
1kz8	A	AMP	737	P00636
1kz8	A	PFE	738	P00636
1lev	A	CLI	342	P00636
1nv7	A	AMP	3337	P00636
1q9d	B	OI1	406	P00636
1rdy	A	AMP	339	P00636
1rdz	A	AMP	339	P00636
1yyz	A	AMP	435	P00636
1yz0	A	AMP	1844	P00636
2f3d	A	AMP	435	P00636
4fbp	A	AMP	338	P00636
4gbv	A	AMP	405	P00636
4gbw	A	AMP	406	P00636
4gws	A	AMP	403	P00636
4gwy	A	AMP	406	P00636
4gwz	A	AMP	404	P00636
4gx4	A	AMP	404	P00636
4gx6	A	AMP	404	P00636
4h46	A	AMP	404	P00636
4kxp	A	AMP	405	P00636
2gq1	A	SO4	344	P0A993
2q8m	A	AMP	341	P0A993
2q8m	A	BG6	340	P0A993
5osb	A	A8Z	501	P62812
5osc	A	A8W	503	P62812
6uo8	A	QDA	1009	Q9UBS5
7c7q	A	2C0	1007	Q9UBS5
7cum	A	2BV	1001	Q9UBS5
7ca3	B	FN0	902	O75899
2vd4	A	P21	1454	P43889
4bqh	A	9VU	1539	Q386Q8
5vew	A	97Y	1201	P43220
5vex	A	97V	1201	P43220
6vcb	R	QW7	501	P43220
7duq	A	HNO	701	P43220
1v4s	A	MRK	501	P35557
3a0i	X	AJI	501	P35557
3f9m	A	MRK	501	P35557
3fr0	A	AJB	501	P35557
3goi	A	LOI	1	P35557
3h1v	X	TK1	501	P35557
3id8	A	MRK	501	P35557
3imx	A	B84	466	P35557
3s41	A	S41	4000	P35557
3vev	A	0H4	502	P35557
3vey	A	0H5	504	P35557
3vf6	A	0H6	502	P35557
4dch	A	4DC	502	P35557
4dhy	A	S41	502	P35557
4ise	A	1FW	501	P35557
4isf	A	1FX	501	P35557
4isg	A	1FY	501	P35557
4iwv	A	1J9	503	P35557
4ixc	A	1JD	503	P35557
4mle	A	VO1	502	P35557
4mlh	A	VO2	502	P35557
4no7	A	2N8	502	P35557
5v4w	A	8WM	501	P35557
5v4x	A	8WJ	501	P35557
1frz	A	16G	1267	P0A759
1fs5	A	16G	1267	P0A759
1hot	A	16G	269	P0A759
2wu1	A	16G	1267	P0A759
1ne7	B	16G	2299	P46926
2xhd	B	7T9	1266	P42262
3rn8	A	RN8	281	P42262
3rnn	A	RNN	280	P42262
5ybf	A	8SR	902	P42262
5ybg	A	8SO	902	P42262
1lbc	A	CYZ	330	P19491
2al4	C	CX6	801	P19491
2al5	A	4MP	801	P19491
2xx7	A	1ND	310	P19491
2xx8	A	1NE	310	P19491
2xx9	A	1NF	310	P19491
2xxh	A	1NG	310	P19491
2xxi	A	JAC	1302	P19491
3bbr	A	BHY	268	P19491
3h6t	A	CYZ	265	P19491
3h6u	A	NS3	265	P19491
3h6v	A	NS6	265	P19491
3h6w	A	NS7	265	P19491
3ijo	A	B4D	265	P19491
3ijx	B	HCZ	800	P19491
3ik6	B	HCZ	800	P19491
3il1	B	B5D	800	P19491
3ilt	B	TRU	800	P19491
3ilu	B	HFZ	800	P19491
3kgc	A	LY7	264	P19491
3lsf	E	PZI	800	P19491
3lsf	E	PZI	802	P19491
3lsl	A	PZI	801	P19491
3lsl	A	PZI	802	P19491
3m3l	A	P99	800	P19491
3o28	A	O28	264	P19491
3o29	A	O29	271	P19491
3o2a	A	O30	264	P19491
3o6g	A	O27	268	P19491
3o6h	A	O25	268	P19491
3o6i	A	O26	265	P19491
3pmw	A	G69	274	P19491
3tdj	B	3TJ	265	P19491
3tkd	A	CYZ	266	P19491
4iy5	B	CX5	301	P19491
4iy6	A	MQR	301	P19491
4lz5	B	1YV	805	P19491
4lz7	C	1YW	804	P19491
4lz8	A	1YX	802	P19491
4n07	A	2J9	301	P19491
4u4s	A	3C1	774	P19491
4u4s	B	3C1	774	P19491
4u4x	A	3C2	801	P19491
4u4x	B	3C2	801	P19491
4u5b	D	FWF	903	P19491
4u5c	D	FWF	903	P19491
4u5d	A	FWF	903	P19491
4u5e	A	FWF	903	P19491
4u5f	D	FWF	901	P19491
4x48	B	XPF	804	P19491
5buu	A	4V6	801	P19491
5elv	A	5PX	312	P19491
5elv	B	5PX	312	P19491
5o9a	A	7M6	305	P19491
5oew	B	9TE	901	P19491
6faz	B	D45	301	P19491
6hc9	B	FXW	313	P19491
6hca	B	FXW	301	P19491
6hcb	B	D45	304	P19491
6hcc	A	FXW	301	P19491
6hch	A	D45	311	P19491
6ruq	A	GYK	901	P19491
1hwy	A	NAD	507	P00366
1hwz	A	GTP	553	P00366
1nqt	F	ADP	502	P00366
3etd	F	B1T	502	P00366
3etd	A	GTP	553	P00366
3ete	A	H3P	553	P00366
3ete	A	GTP	553	P00366
3etg	A	GWD	553	P00366
3etg	A	GTP	553	P00366
3mvq	A	GTP	503	P00366
3mw9	A	GTP	602	P00366
3mw9	A	NAI	604	P00366
3qmu	B	XEG	601	P00366
1uxn	A	AMP	1502	O57693
1uxp	A	AMP	1502	O57693
1uxq	A	G1P	1503	O57693
1uxr	A	F6P	1503	O57693
1uxt	A	G1P	1502	O57693
1uxu	A	AMP	503	O57693
1uxv	A	AMP	1503	O57693
1bo5	O	FBP	502	P0A6F3
1z8d	A	ADE	902	P11217
1z8d	A	AMP	900	P11217
1em6	A	CP4	862	P06737
1exv	A	MPD	1901	P06737
1l5q	A	CFF	863	P06737
1l5r	A	RBF	859	P06737
1l5s	A	URC	863	P06737
1l7x	A	CFF	863	P06737
2ati	A	IHU	848	P06737
2zb2	A	A46	850	P06737
2zb2	A	MES	848	P06737
3ceh	A	AVE	833	P06737
3cej	A	AVF	833	P06737
3cem	A	AVD	833	P06737
3dd1	A	25D	905	P06737
3dd1	A	CFF	903	P06737
3dds	A	26B	905	P06737
3dds	A	CFF	904	P06737
3ddw	A	CFF	903	P06737
1abb	A	IMP	920	P00489
1b4d	A	IMP	930	P00489
1c50	A	CHI	920	P00489
1c8k	A	CPB	940	P00489
1c8l	A	BIN	930	P00489
1c8l	A	CFF	940	P00489
1e1y	A	CPB	940	P00489
1ftq	A	IMP	930	P00489
1gfz	A	IMP	930	P00489
1gfz	A	CFF	940	P00489
1gg8	A	IMP	930	P00489
1gpy	A	G6P	998	P00489
1h5u	A	CHI	920	P00489
1k06	A	BZD	920	P00489
1k08	A	BZD	920	P00489
1lwo	A	CHI	920	P00489
1pyg	A	AMP	843	P00489
1uzu	A	INR	1000	P00489
1wut	A	BN2	930	P00489
1wuy	A	BN3	930	P00489
1wv0	A	BN4	930	P00489
1wv1	A	BN5	930	P00489
1xkx	A	IMK	920	P00489
1z62	A	IAA	920	P00489
1z62	A	IAA	992	P00489
2amv	A	BIN	930	P00489
2gj4	A	2TH	949	P00489
2gm9	A	3TH	1	P00489
2ieg	A	FRY	901	P00489
2iei	A	FRX	904	P00489
2off	A	OFF	930	P00489
2pri	A	D6G	930	P00489
2prj	A	IMP	930	P00489
2qn1	A	0AS	930	P00489
2qn2	A	0MA	930	P00489
2qn7	A	IMP	930	P00489
2qn8	A	NBY	920	P00489
2qn9	A	IMP	930	P00489
2qnb	A	BZD	920	P00489
2skc	A	IMP	930	P00489
2skd	A	IMP	930	P00489
2ske	A	IMP	930	P00489
3amv	A	BIN	930	P00489
3bcr	A	AZZ	940	P00489
3bcu	A	THM	940	P00489
3bd6	A	RDD	930	P00489
3bd7	A	CKB	940	P00489
3bda	A	C4B	940	P00489
3e3n	A	AMP	843	P00489
3e3o	A	IMP	920	P00489
3ebo	A	57D	940	P00489
3ebp	A	CPB	940	P00489
3g2h	A	IMP	930	P00489
3mqf	A	20X	920	P00489
3mrt	A	12E	920	P00489
3mrv	A	16F	920	P00489
3mrx	A	17S	920	P00489
3ms2	A	18S	920	P00489
3ms4	A	21N	920	P00489
3ms7	A	22S	920	P00489
3msc	A	24S	844	P00489
3mt7	A	16O	920	P00489
3mt8	A	17T	920	P00489
3mt9	A	18O	920	P00489
3mta	A	22O	920	P00489
3mtb	A	23V	920	P00489
3mtd	A	25E	844	P00489
3nc4	A	26O	920	P00489
4mra	A	QUE	901	P00489
8gpb	A	AMP	930	P00489
8gpb	A	AMP	940	P00489
1pcq	A	ADP	940	P0A6F5
1svt	A	ADP	940	P0A6F5
2c7e	A	ATP	551	P0A6F5
4aaq	A	ATP	1525	P0A6F5
4aar	A	ATP	1525	P0A6F5
4aas	A	ATP	1527	P0A6F5
4aau	A	ATP	1528	P0A6F5
4ab2	A	ATP	1525	P0A6F5
4ab3	A	ATP	1527	P0A6F5
4pkn	A	ADP	1527	Q548M1
4pko	A	ADP	1527	Q548M1
3e2a	F	BCT	232	P45148
3e2w	F	BCT	231	P45148
3e3f	B	BCT	231	P45148
3e3i	B	BCT	233	P45148
3phe	A	C9A	999	D0PY27
1cza	N	G6P	919	P19367
1hkb	A	G6P	919	P19367
1qha	A	G6P	919	P19367
4o3t	A	Chain P	919	P08581
4o3u	A	Chain P	919	P08581
4b9q	A	ATP	700	P0A6Y8
4jn4	A	ATP	1002	P0A6Y8
4jne	A	ATP	1002	P0A6Y8
4io8	A	3FD	401	P08107
5i73	A	68P	701	P31645
5i75	A	69D	705	P31645
7lwd	A	YG7	802	P31645
1vea	B	HBN	1001	P10943
1wmq	A	HIS	2001	P10943
1wpu	A	HIS	2001	P10943
1wpv	A	HIS	1001	P10943
3lw0	A	CCX	1	P08069
6i0m	A	GDP	603	P12268
6i0m	A	GDP	604	P12268
6i0m	A	GDP	602	P12268
6i0o	A	GTP	601	P12268
6i0o	A	GTP	602	P12268
6i0o	A	GTP	603	P12268
1dp4	A	CL	610	P18910
1t34	A	CL	600	P18910
3a3k	B	BR	601	P18910
3tuv	A	ATP	1020	P35559
1hyv	A	TTA	304	Q76353
3zcm	A	PX3	1214	Q76353
3zso	A	O2N	1219	Q76353
3zsq	A	O4N	1215	Q76353
3zsr	A	O3N	1215	Q76353
3zsv	B	ZSV	1215	Q76353
3zsw	A	ZSW	1217	Q76353
3zsx	A	N44	1215	Q76353
3zsy	A	OM3	1214	Q76353
3zsz	A	OM2	1215	Q76353
3zt0	A	ZT0	1213	Q76353
3zt1	A	OM1	1215	Q76353
3zt2	A	ZT2	1216	Q76353
3zt2	A	ZT2	1217	Q76353
3zt3	A	ZT4	1216	Q76353
3zt4	A	ZT2	1216	Q76353
3zt4	A	ZT2	1217	Q76353
4ce9	A	O3N	1214	Q76353
4cea	A	ZSW	1217	Q76353
4ceb	B	ZSV	1215	Q76353
4cec	A	2SS	1216	Q76353
4ced	B	9NS	1215	Q76353
4cee	A	B0T	1215	Q76353
4cef	A	D0T	1215	Q76353
4ceo	A	G0T	1215	Q76353
4ceq	A	QCH	1215	Q76353
4cer	A	VL4	1215	Q76353
4ces	A	NFW	1215	Q76353
4cez	A	O3N	1215	Q76353
4cf0	A	O5U	1213	Q76353
4cf1	A	IY7	1215	Q76353
4cf2	A	3GM	1213	Q76353
4cf8	A	V7H	1217	Q76353
4cf9	A	5EY	1214	Q76353
4cfa	A	WOP	1214	Q76353
4cfb	A	OM3	1217	Q76353
4cfc	A	7NV	1216	Q76353
4cfd	A	S8Y	1217	Q76353
4cgd	A	8P3	1216	Q76353
4cgf	A	UJ6	1216	Q76353
4cgg	B	K5Q	1218	Q76353
4cgh	A	LOZ	1216	Q76353
4cgi	A	NZL	1215	Q76353
4cgj	A	NZL	1216	Q76353
4chn	A	ONZ	1217	Q76353
4cho	B	U2Z	1218	Q76353
4chp	A	IMV	1216	Q76353
4chp	A	IMV	1217	Q76353
4chq	A	CWU	1217	Q76353
4chy	B	C5Q	1214	Q76353
4chz	A	H75	1220	Q76353
4cie	A	Y7N	1215	Q76353
4cif	A	JDX	1216	Q76353
4cig	A	X0P	1217	Q76353
4cj3	A	E4F	1214	Q76353
4cj4	A	S3G	1217	Q76353
4cj5	A	4VW	1216	Q76353
4cje	A	Q31	1213	Q76353
4cjf	A	RVN	1217	Q76353
4cjk	A	H39	1215	Q76353
4cjl	A	9PA	1216	Q76353
4cjp	A	4D2	1215	Q76353
4cjq	A	VXO	1214	Q76353
4cjr	A	FYM	1215	Q76353
4cjs	A	L0Y	1217	Q76353
4cjt	A	HLR	1215	Q76353
4cju	A	JNS	1217	Q76353
4cjv	A	IV2	1212	Q76353
4cjw	B	CBJ	1217	Q76353
4cjw	A	CBJ	1216	Q76353
4ck1	A	OM1	1216	Q76353
4ck2	A	NVU	1216	Q76353
4ck2	A	NVU	1215	Q76353
4ck3	A	K1T	1213	Q76353
4lh5	A	LF0	301	Q76353
4ovl	A	1TD	308	Q76353
5kgw	A	7SK	304	Q76353
5kgx	A	7SK	301	Q76353
5krs	A	6XI	302	Q76353
5krt	A	6W6	301	Q76353
1l5g	A	RGDF-MVA	301	P06756
1rd4	A	L08	328	P20701
1xdd	A	AAY	401	P20701
1xdg	A	AB8	401	P20701
1xuo	A	LA1	401	P20701
2ica	A	2IC	1	P20701
2o7n	A	2O7	1	P20701
3bqm	B	BQM	1	P20701
3bqn	B	BQN	1	P20701
3e2m	A	E2M	1	P20701
3f78	A	ICF	1	P20701
3m6f	A	BJZ	1	P20701
4ixd	A	1HV	402	P20701
3blw	A	AMP	2001	P28834
1ldn	A	FBP	353	P00344
2ldb	C	FBP	6	P00344
1efa	A	NPF	901	P03023
1jwl	A	NPF	334	P03023
1lbh	A	IPT	400	P03023
1tlf	A	IPT	998	P03023
2p9h	A	IPT	998	P03023
2paf	A	NPF	902	P03023
3edc	A	HEZ	400	P03023
4rzt	A	40J	501	P03023
2him	A	ASN	8001	P0A962
2p2n	A	ASN	8001	P0A962
5cxv	A	PGE	504	P11229
4mqt	A	2CU	502	P08172
5dsg	A	P6G	1205	P08173
6ol9	A	0HK	1203	P08912
1gz3	A	FUM	605	P23368
1gz4	A	FUM	605	P23368
1pj2	A	FUM	700	P23368
1pj3	A	FUM	700	P23368
1pj4	A	FUM	700	P23368
1o0s	A	TTN	810	P27443
5cgc	A	51D	4006	P41594
5cgd	A	51E	4005	P41594
6ffh	A	D8B	4009	P41594
6ffi	A	D7W	4006	P41594
7fd8	A	QUS	902	P41594
7p2l	A	4YI	1201	P41594
1s9j	A	BBM	1001	Q02750
2p55	A	MRA	9000	Q02750
3dv3	A	MEK	9001	Q02750
3dy7	A	1CX	9002	Q02750
3e8n	A	VRA	1001	Q02750
3eqb	A	LUG	1	Q02750
3eqc	A	3BM	1	Q02750
3eqg	A	4BM	1	Q02750
3eqh	A	5BM	1	Q02750
3orn	A	3OR	400	Q02750
3os3	A	3OS	400	Q02750
3pp1	A	IZG	500	Q02750
3sls	A	77D	500	Q02750
3v01	A	3V0	501	Q02750
3v04	A	V04	501	Q02750
3vvh	A	4BM	703	Q02750
3wig	A	CHU	403	Q02750
4an2	A	EUI	1382	Q02750
4an3	A	5Y0	1384	Q02750
4an9	A	2P7	1384	Q02750
4anb	A	YQY	1382	Q02750
4ark	A	M3K	1385	Q02750
4lmn	A	EUI	503	Q02750
7b3m	A	SU5	403	Q02750
7b7r	A	T1K	403	Q02750
7b94	A	T3W	403	Q02750
7b9l	A	T4N	402	Q02750
7jur	C	QOM	402	P29678
7jus	C	VKD	501	P29678
7jut	C	3EW	402	P29678
7juu	C	4BM	402	P29678
7juv	C	VKG	402	P29678
7jux	C	QOM	402	P29678
7juy	C	EUI	402	P29678
7juz	C	3EW	402	P29678
7jv0	C	4BM	402	P29678
7jv1	C	VKG	402	P29678
1s9i	A	5EA	1001	P36507
3d2p	A	ARG	438	Q5FAK7
4kzt	A	ARG	501	Q0ASS9
5i56	B	67P	802	P35439
5i58	B	67R	302	P35439
5i59	B	67Q	302	P35439
5jty	B	6ND	601	P35439
5h8h	B	5YC	303	Q12879
5h8q	B	5YE	302	Q12879
5i2k	B	67H	302	Q12879
5i2n	A	67J	303	Q12879
5kcj	B	6RM	302	Q12879
5kdt	A	6RV	303	Q12879
5tp9	A	7H0	303	Q12879
5tpa	A	7H2	302	Q12879
1fcj	A	CL	2006	P0A1E3
1qw7	A	EBP	702	P0A434
2i7n	A	ACO	796	Q8TE04
3wmg	A	ACE	796	M1VAN7
5fii	A	PHE	901	P00439
5fii	B	PHE	901	P00439
5fii	C	PHE	901	P00439
5fii	D	PHE	901	P00439
2q5o	A	PPY	5003	P51852
2q5q	A	KPV	5004	P51852
3iad	A	15X	901	Q08499
5tkb	A	7DJ	807	Q08499
6boj	A	E31	703	Q08499
6njh	A	KRD	609	Q08499
6nji	A	KR4	702	Q08499
6njj	A	KR7	609	Q08499
1tbf	A	VIA	501	O76074
6vbi	A	FZA	901	O76074
2k31	A	35G	1	Q8CG03
1fiy	A	ASP	884	P00864
1jqn	A	ASP	884	P00864
1qb4	A	ASP	884	P00864
5vyj	A	GLY	1001	P04711
6mgi	A	G6P	1002	P04711
3cqd	B	ATP	312	P06999
3umo	B	ATP	312	P06999
3uqd	A	ATP	404	P06999
3dc2	A	SER	600	P9WNX3
1psd	A	SER	451	P0A9T0
2p9c	A	SER	451	P0A9T0
2p9g	A	SER	451	P0A9T0
2pa3	A	SER	451	P0A9T0
1dkr	A	SO4	1004	P14193
1dku	A	AP2	1002	P14193
1ibs	A	SO4	1004	P14193
2h06	A	SO4	1006	P60891
2h07	A	SO4	1006	P60891
2h08	A	SO4	1006	P60891
2hcr	A	SO4	1006	P60891
3s5j	A	SO4	1006	P60891
6xp9	A	QCG	501	O75469
6xp9	B	QCG	501	O75469
2qmx	A	PHE	303	Q8KBW6
3mwb	B	PHE	311	A1R118
3of1	A	CMP	501	P07278
4dfx	E	MYR	401	P05132
4dfz	E	MYR	401	P05132
1t48	A	BB3	299	P18031
1t4j	A	FRJ	299	P18031
5t19	A	73U	402	P18031
6b95	A	D0P	402	P18031
6w30	A	SJA	502	P18031
2vk1	A	PYR	603	P06169
2vk8	A	2OP	1566	P06169
2vjy	A	ALK	603	Q12629
2bu2	A	TF1	1387	Q15119
2bu5	A	TF1	1386	Q15119
2bu6	A	TF2	1386	Q15119
2bu7	A	TF3	1386	Q15119
2bu8	A	TF4	1379	Q15119
1a3w	A	FBP	1007	P00549
1t5a	A	FBP	532	P14618
3bjf	A	FBP	532	P14618
3gqy	A	FBP	541	P14618
3gr4	A	FBP	541	P14618
3h6o	A	FBP	541	P14618
4b2d	A	SER	1532	P14618
4b2d	A	FBP	600	P14618
4fxf	A	FBP	604	P14618
4g1n	A	NZT	603	P14618
5x0i	A	FBP	601	P14618
6gg3	A	ALA	533	P14618
6gg4	A	PHE	603	P14618
6gg5	A	TRP	603	P14618
6gg6	A	SER	603	P14618
6nu1	A	CYS	601	P14618
6nu5	A	CYS	601	P14618
6nub	A	SER	601	P14618
6v74	C	ASN	604	P14618
6v75	B	ASP	610	P14618
6v76	C	VAL	611	P14618
2vgb	A	FBP	580	P30613
2vgf	A	FBP	580	P30613
2vgg	A	FBP	580	P30613
2vgi	A	FBP	1574	P30613
4ip7	A	FBP	603	P30613
6nn4	A	FBP	601	P30613
2g50	A	ALA	6101	P11974
3n25	A	PRO	1200	P11974
3hqp	A	FDP	700	Q27686
3hqq	A	FDP	700	Q27686
4hyv	A	FDP	1004	P30615
4hyw	A	FDP	503	P30615
1xms	A	ANP	400	P0A7G6
1xmv	A	ADP	400	P0A7G6
3cmu	A	ADP	502	P0A7G6
3cmv	A	ANP	400	P0A7G6
3cmw	A	ADP	502	P0A7G6
3cmx	A	ADP	502	P0A7G6
2g88	A	DTP	833	Q7X416
4yi8	A	CA	301	P21457
4yi8	A	CA	302	P21457
3ao2	A	AVX	1	P04585
3i0r	A	RT3	601	P04585
3i0s	A	RT7	601	P04585
2r1r	A	TTP	762	P00452
3r1r	A	ATP	762	P00452
3uus	A	DTP	900	P00452
3uus	A	DTP	800	P00452
4r1r	A	TTP	762	P00452
5cns	A	DTP	804	P00452
5cns	A	DTP	804	P00452
5cnt	A	DTP	802	P00452
5cnu	A	DGT	801	P00452
5cnv	A	TTP	804	P00452
1xje	A	TTP	1005	O33839
1xjf	A	DTP	1002	O33839
1xjg	A	DTP	1004	O33839
1xjj	A	DGT	1001	O33839
1xjk	A	DGT	1003	O33839
1xjm	A	TTP	1001	O33839
1xjn	A	DTP	1005	O33839
3o0n	A	TTP	1001	O33839
3o0o	A	TTP	1001	O33839
3o0q	A	TTP	1001	O33839
1peo	A	DCP	716	Q08698
1peq	A	TTP	716	Q08698
1peu	A	DTP	716	Q08698
2bq1	E	DGT	1700	Q08698
2wgh	A	DTP	1745	P23921
3hnc	A	TTP	802	P23921
3hnd	A	TTP	802	P23921
3hne	B	TTP	805	P23921
3hne	B	ATP	807	P23921
3hnf	B	TTP	803	P23921
3hnf	B	DTP	805	P23921
6aui	A	DTP	801	P23921
1h78	A	DCP	1589	P07071
1h79	A	TTP	1586	P07071
1h7a	A	DTP	1590	P07071
1hk8	A	DGT	1587	P07071
3rsr	A	N5P	841	P21524
3s87	A	DGT	1001	P21524
3s8a	A	DGT	1001	P21524
3s8b	A	ANP	890	P21524
3s8c	A	ANP	889	P21524
3tb9	A	ANP	890	P21524
3tba	A	DGT	890	P21524
1e7b	A	HLT	890	P02768
1e7c	A	HLT	4005	P02768
1e7c	A	HLT	4005	P02768
2bx8	A	AZQ	2001	P02768
2bxa	A	C1F	2001	P02768
2bxb	A	OPB	2001	P02768
2bxc	A	P1Z	2001	P02768
2bxd	A	RWF	2001	P02768
2bxe	A	1FL	2002	P02768
2bxe	A	1FL	2003	P02768
2bxg	A	IBP	2002	P02768
2bxh	A	IOS	1002	P02768
3lu6	A	IMX	586	P02768
3lu6	A	IMX	587	P02768
3lu7	A	IPX	586	P02768
2c2b	A	SAM	586	Q9S7B5
2onb	A	7PA	319	P04818
4fgt	A	CYS	319	P04818
5x69	A	7ZC	401	P04818
2nw8	A	TRP	308	Q8PDA8
1beu	A	IPL	273	P00929
1fuy	A	FIP	269	P00929
1k3u	A	IAD	801	P00929
1k7e	A	IAG	401	P00929
1k7f	A	IAV	401	P00929
1k8y	A	13P	701	P00929
1k8z	A	IAG	501	P00929
1kfb	A	IGP	550	P00929
1kfc	A	IPL	674	P00929
1tjp	A	HPF	1001	P00929
2cle	A	F6F	1268	P00929
2clf	A	F6F	1269	P00929
2clh	A	F19	1268	P00929
2cli	A	F9F	1269	P00929
2clk	A	G3H	1268	P00929
2cll	A	F9F	1268	P00929
2clm	A	F6F	1268	P00929
2clo	A	F19	1268	P00929
2j9x	A	G3P	1268	P00929
2rh9	A	IGP	269	P00929
3cep	A	G3P	269	P00929
4hn4	A	F9F	301	P00929
4hpj	A	F9F	301	P00929
4hpx	A	F9F	301	P00929
4ht3	A	F9F	301	P00929
4kkx	A	F6F	301	P00929
4wx2	A	F6F	301A,302A,404B	P0A2K1
4wx2	B	F6F	301A,302A,404B	P0A2K1
1i6k	A	TYM	350	P00953
1i6l	A	TYM	350	P00953
1i6m	A	TYM	350	P00953
1m83	A	ATP	400	P00953
1mau	A	ATP	400	P00953
1maw	A	ATP	400	P00953
2ov4	A	AQP	400	P00953
3fhj	A	AMP	1003	P00953
3fi0	A	AMP	1003	P00953
4zht	A	NCC	502	Q9Y223
3beo	A	UD1	372	Q81K32
4nes	A	UD1	400	Q58899
4fkz	A	UD1	401	P39131
2jjx	A	ATP	1246	Q81S73
2v4y	A	GTP	1242	P0A7E9
3ek5	E	GTP	2006	P59009
3nwy	A	GTP	262	P9WHK5
4a7w	A	GTP	1241	P56106
1vst	A	GTP	301	Q980Q4
1xtu	A	CTP	301	Q980Q4
3g6w	A	GTP	301	Q980Q4
1jlr	A	GTP	303	Q26998
5afj	A	42R	1205	P36544
5afj	A	42R	1206	P36544
5afk	A	5VU	1207	P36544
5afl	E	FHV	1207	P36544
5afm	A	9Z0	1207	P36544
5afn	A	OJD	1215	P36544
5x7d	A	8VS	1205	P07550
6n48	A	KBY	1403	P07550
6oba	A	M3J	1402	P07550
1pzo	A	CBT	1402	P62593
1pzp	A	FTA	300	P62593
4or2	A	FM9	1901	P0ABE7
5l32	A	ZN	203	P0ABE7
5uig	A	8D1	503	P0ABE7
6c1q	B	9P2	501	P0ABE7
6c1r	B	EFD	501	P0ABE7
4c3p	B	TPX2	1-43	O14965
4c3p	E	TPX2	1-43	O14965
5dn3	A	5DN	402	O14965
5dos	A	5DN	402	O14965
5dpv	A	5DN	401	O14965
5dt4	A	5DN	402	O14965
5obj	A	9QK	405	O14965
5obr	A	9QT	401	O14965
5orl	A	A4W	404	O14965
5orn	A	A5E	404	O14965
5oro	A	A5H	404	O14965
5orp	A	A5K	404	O14965
5orr	A	A5Q	404	O14965
5ors	A	A5W	404	O14965
5ort	A	A5Z	406	O14965
5orv	A	A65	406	O14965
5orw	A	A6E	404	O14965
5orx	A	A6H	404	O14965
5ory	A	AY4	406	O14965
5orz	A	A6W	404	O14965
5os0	A	A6Z	404	O14965
5os1	A	A7H	404	O14965
5os2	A	A7K	404	O14965
5os3	A	A7N	404	O14965
5os4	A	A8H	404	O14965
5os5	A	A8K	404	O14965
5os6	A	A7Q	404	O14965
5osd	A	A9B	404	O14965
5ose	A	A98	404	O14965
5osf	A	A9E	404	O14965
6r49	A	JSB	504	O14965
6r4a	A	JRT	510	O14965
6r4b	A	JSN	508	O14965
6r4c	A	JRQ	507	O14965
6ncf	B	AF7	702	P09917
3o96	A	IQO	444	P31749
4ejn	A	0R4	501	P31749
5kcv	A	6S1	501	P31749
6hhf	A	G4K	501	P31749
6hhg	A	G4T	501	P31749
6hhh	A	G4Q	501	P31749
6hhi	A	G4N	501	P31749
6hhj	A	G4H	501	P31749
6s9w	A	L1Z	501	P31749
6s9x	A	L1W	501	P31749
7nh4	A	UCE	501	P31749
7nh5	A	UC8	502	P31749
11bg	A	U2G	131	P00669
1opl	A	MYR	538	P00519
3pyy	A	3YY	538	P00519
5mo4	A	AY7	602	P00519
3k5v	A	STJ	1	P00520
6hd4	A	FYW	603	P00520
6hd6	A	FYH	602	P00520
6kqi	A	9GL	1202	P21554
1soz	A	Chain D	1202	P0AEE3
2r3y	A	Chain D	1202	P0AEE3
3gcn	A	Chain B	1202	P0AEE3
3gco	A	Chain B	1202	P0AEE3
3gds	A	Chain B	1202	P0AEE3
3gdu	A	Chain D	1202	P0AEE3
3gdv	A	Chain D	1202	P0AEE3
4rqz	A	Chain D	1202	P0AEE3
1q3e	A	PCG	401	O88703
1q43	A	CMP	646	O88703
1q5o	A	CMP	201	P42861
2q0a	A	PCG	401	O88703
3bpz	A	CMP	641	O88703
3etq	A	CMP	1	O88703
2ptm	A	CMP	401	O76977
2w4i	B	VGA	1256	Q9ZLT0
4b1f	A	KRH	1256	Q9ZLT0
2jfn	A	UMA	1286	P22634
3hfr	A	6JZ	270	Q8Y7N7
2vvt	A	I24	1269	Q836J0
3av9	A	SER	1269	P12497
3ava	A	ALA	1269	P12497
3avb	A	SER	1269	P12497
3avc	A	SER	1269	P12497
3avf	A	ASP	1269	P12497
3avg	A	ALA	1269	P12497
3avh	A	ALA	1269	P12497
3avi	A	SER	1269	P12497
3avj	A	ALA	1269	P12497
3avk	A	SER	1269	P12497
3avl	A	ALA	1269	P12497
3avm	A	SER	1269	P12497
3avn	A	SER	1269	P12497
3nf6	A	IMV	230	P12497
3nf7	A	CIW	221	P12497
3nf8	A	CDQ	247	P12497
3nf9	A	CD9	220	P12497
3nfa	A	CBJ	213	P12497
4ah9	A	0MB	218	P12497
4ahr	A	I2E	1218	P12497
4ahs	A	AKH	1216	P12497
4aht	A	Q6T	1216	P12497
4ahu	A	ICO	1217	P12497
4ahv	A	Z5P	1219	P12497
4dmn	A	0L9	305	P12497
4e1m	A	TQ2	301	P12497
4e1n	A	TQX	301	P12497
4gvm	A	LF2	303	P12497
4gw6	A	LF2	303	P12497
4id1	A	LF0	301	P12497
4jlh	A	0L9	301	P12497
4o0j	A	LF8	301	P12497
4o55	A	LF9	301	P12497
4o5b	A	LF9	301	P12497
6lmi	A	EJ9	304	P12497
6um8	A	QCG	305	P12497
1kv1	A	BMU	391	Q16539
1kv2	A	B96	391	Q16539
1w82	A	L10	1356	Q16539
1w83	A	L11	1355	Q16539
1wbn	A	L09	1355	Q16539
1wbs	A	LI2	1355	Q16539
1wbt	A	WBT	1355	Q16539
1wbv	A	LI3	1355	Q16539
2baj	A	1PP	401	Q16539
2bak	A	AQZ	401	Q16539
3d83	A	GK6	401	Q16539
3e93	A	19B	361	Q16539
3gcq	A	1BU	401	Q16539
3gcs	A	BAX	401	Q16539
3gcu	A	R48	401	Q16539
3gcv	A	SS6	361	Q16539
3gi3	A	B10	391	Q16539
3hec	A	STI	1	Q16539
3heg	A	BAX	1	Q16539
3hv3	A	R49	361	Q16539
3hv4	A	L51	361	Q16539
3hv5	A	R24	361	Q16539
3hv6	A	R39	361	Q16539
3hv7	A	1AU	361	Q16539
3iw8	A	HIZ	361	Q16539
3k3i	A	JZJ	1	Q16539
3k3j	A	F4C	361	Q16539
3kq7	A	KQ7	361	Q16539
3lfb	A	Z87	361	Q16539
3lfd	A	Z85	361	Q16539
3lfe	A	Z84	361	Q16539
3new	A	3NE	361	Q16539
3nnu	A	EDB	355	Q16539
3nnw	A	EDD	355	Q16539
3nnx	A	EDD	355	Q16539
3o8p	A	BMU	361	Q16539
3o8t	A	BMU	361	Q16539
3o8u	A	BMU	361	Q16539
3obj	A	BMU	361	Q16539
3oc1	A	BMU	361	Q16539
3pg3	A	DG7	362	Q16539
4a9y	A	RNY	1354	Q16539
4aa0	A	AA0	1353	Q16539
4e6a	A	0O9	500	Q16539
4e6c	A	0O8	500	Q16539
4e8a	A	0OA	500	Q16539
4eh9	A	0OQ	402	Q16539
4eh9	A	IRG	401	Q16539
1pfk	A	ADP	326	P0A796
4pfk	A	ADP	326	P00512
1bdh	A	HPA	599	P0ACP7
1bdi	A	HPA	599	P0ACP7
1jfs	A	HPA	599	P0ACP7
1jft	A	HPA	599	P0ACP7
1jh9	A	HPA	599	P0ACP7
1pnr	A	HPA	599	P0ACP7
1qp4	A	HPA	599	P0ACP7
1qp7	A	HPA	599	P0ACP7
1qpz	A	HPA	599	P0ACP7
1qqa	A	HPA	599	P0ACP7
1qqb	A	HPA	599	P0ACP7
1vpw	A	HPA	599	P0ACP7
1wet	A	GUN	599	P0ACP7
1zay	A	HPA	599	P0ACP7
2pua	A	6MP	599	P0ACP7
2pub	A	ADE	599	P0ACP7
2puc	A	GUN	599	P0ACP7
2pud	A	HPA	599	P0ACP7
2pue	A	ADE	599	P0ACP7
2puf	A	GUN	599	P0ACP7
2pug	A	HPA	599	P0ACP7
5vsw	E	G4P	101	P0A7Z4
2a68	C	RBT	8001	Q8RQE9
2a69	C	RPT	8001	Q8RQE9
4oir	C	RFV	1201	Q8RQE9
5oyj	A	DARPin	1-169	P35968
3eeb	A	IHP	210	Q9KS12
3fzy	A	IHP	8000	Q9KS12
3gcd	A	IHP	214	Q9KS12
4q0a	C	4OA	502	Q9PTN2
1os5	A	NH1	901	P26663
2awz	A	5H	801	P26663
2ax0	A	5X	1001	P26663
2ax1	A	5EE	1001	P26663
2brk	A	CMF	1534	P26663
2brl	A	POO	1534	P26663
2d3u	A	CCT	1001	Q99AU2
2d3z	A	FIH	2001	Q99AU2
2d41	A	SNH	1001	Q99AU2
2dxs	A	JTP	1000	P26663
2giq	A	NN2	1001	P26663
2gir	A	NN3	1001	P26663
2hai	A	PFI	601	Q99AU2
2hwh	A	RNA	960	P26663
2hwi	A	VRX	600	P26663
2i1r	A	VXR	600	P26663
2o5d	A	VR1	600	P26663
2wcx	A	VGC	1534	P26663
2who	A	VGI	1534	P26663
2wrm	A	QQ3	1532	P26663
2xwy	A	IB8	1532	P26663
3br9	A	DEY	579	P26663
3bsa	A	1PD	579	P26663
3bsc	A	2PD	579	P26663
3cde	A	N3H	579	P26663
3ciz	B	SX1	572	P26663
3cj0	A	SX2	571	P26663
3cj2	A	SX3	571	P26663
3cj3	A	SX4	572	P26663
3cj4	A	SX5	571	P26663
3cj5	A	SX6	571	P26663
3co9	A	3MS	579	P26663
3cvk	A	N34	579	P26663
3d28	A	B34	579	P26663
3d5m	A	4MS	579	P26663
3e51	A	N35	579	P26663
3fqk	A	79Z	571	P26663
3frz	A	AG0	577	P26663
3g86	A	T18	571	P26663
3gyn	A	B42	579	P26663
3h2l	A	YAK	601	P26663
3h59	A	H59	571	P26663
3h5s	A	H5S	571	P26663
3h5u	A	H5U	571	P26663
3h98	A	B5P	571	P26663
3igv	A	B80	579	P26663
3mf5	A	HJZ	571	P26663
3udl	A	KLI	571	P26663
3vqs	A	JT1	1000	P26663
4b6e	B	10L	1722	P26663
4b6f	A	20L	1722	P26663
4b71	A	DJL	1721	P26663
4b73	A	4VA	1721	P26663
4b74	A	1LH	1721	P26663
4b75	A	4VA	1721	P26663
4b76	A	PW1	1721	P26663
4eo6	A	0S2	600	P26663
4eo8	A	0S3	600	P26663
4ih5	A	12R	601	P26663
4ih6	A	1EP	601	P26663
4ih7	A	1ER	602	P26663
4kai	A	1PV	602	P26663
4kai	A	1PV	601	P26663
4kbi	A	1C0	601	P26663
4ke5	A	1PV	602	P26663
4ke5	A	1PV	601	P26663
4mia	A	28L	602	P26663
4mib	A	28M	602	P26663
4mk7	A	28O	603	P26663
4mk8	A	28Q	602	P26663
4mk9	A	28R	601	P26663
4mka	A	2AY	602	P26663
4mkb	A	28V	601	P26663
5s4q	B	WVD	505	Q6B856
3pma	B	SCR	248	P00735
1g9v	A	RQ3	801	P69905
2d5z	A	L35	1201	P69905
4ni0	A	2P3	203	P69905
5e29	B	RQ3	202	P69905
5e29	A	5JN	203	P69905
5ksi	A	S1P	202	P69905
5ksi	C	S1P	202	P69905
5u3i	A	7SJ	203	P69905
5ufj	A	86M	203	P69905
5x2s	I	PEM	202	P69905
5x2t	I	PEM	202	P69905
6bnr	A	E0J	203	P69905
1b86	D	DG2	701	P68871
2d60	B	L35	1200	P68871
4rol	A	3U7	202	P68871
4rom	A	3U8	202	P68871
5e29	A	RQ3	204	P68871
5kdq	C	KOH	202	P68871
1iwh	A	PEM	501	P01958
2d5x	A	L35	1200	P01958
2d5x	B	L35	1201	P02062
3hws	A	ADP	600	P0A6H1
4i4l	A	ADP	600	P0A6H1
4i81	A	AGS	600	P0A6H1
1um8	A	ADP	487	O25926
2yc3	A	MW5	1301	P69834
2yc5	A	6BC	1300	P69834
2ycm	A	30A	1306	P69834
4nak	A	PBQ	401	P69834
4nal	A	H70	401	P69834
4nan	A	2JM	401	P69834
5mrm	A	Q9T	401	P69834
5mro	A	Q9P	401	P69834
5mrp	A	6BC	401	P69834
2xta	A	ACO	2004	A0R2B1
2y0p	A	ACO	2228	A0R2B1
3q0z	A	23E	601	Q9WMX2
4nld	A	2N7	601	Q9WMX2
5pzk	A	2N5	602	Q9WMX2
5pzl	A	8XV	602	Q9WMX2
5pzm	B	8XS	602	Q9WMX2
5pzn	A	8XP	602	Q9WMX2
5pzo	A	8XM	602	Q9WMX2
5pzp	A	8XJ	602	Q9WMX2
5trh	A	7HL	602	Q9WMX2
5tri	A	7HM	602	Q9WMX2
5trj	A	7HO	602	Q9WMX2
5trk	A	7HH	602	Q9WMX2
4xz2	B	FBP	802	Q01813
2bty	A	ARG	1283	Q9X2A4
2rd5	A	ARG	1000	Q9SCL7
3zzh	C	ARG	1362	Q01217
6zo5	B	FUA	1102	P31224
6zod	B	FUA	1213	P31224
6zof	B	FUA	1104	P31224
1azx	I	NTP	502	P01008
1e03	I	NTP	901	P01008
1nq9	I	NTP	901	P01008
1sr5	A	NT1	601	P01008
1tb6	A	GU8	601	P01008
3evj	I	NTO	863	P01008
3kcg	I	NTP	433	P01008
1xxa	A	ARG	1	P0A6D0
1xxb	A	ARG	1	P0A6D0
2zfz	A	ARG	300	P9WPY9
3cag	A	ARG	300	P9WPY9
3fhz	A	ARG	200	P9WPY8
3laj	A	ARG	200	P9WPY8
3lap	A	GGB	200	P9WPY8
2p5m	B	ARG	201	P17893
1b4b	A	ARG	1	O31408
5dl1	A	5C2	201	Q2G036
3qh0	A	PLM	625	Q05769
4otj	A	IXP	706	Q05769
4otj	B	IXP	706	Q05769
4otj	C	IXP	706	Q05769
4otj	D	IXP	706	Q05769
4rut	A	LM8	706	Q05769
4ejf	A	ARG	706	P55212
4fxo	A	ZN	301	P55212
4n5d	A	2FQ	401	P55212
4n6g	B	2GQ	401	P55212
4n7j	B	2GQ	401	P55212
4n7m	A	2GQ	401	P55212
4nbk	A	2J5	401	P55212
4nbl	A	2J6	401	P55212
4nbn	B	2J7	401	P55212
3kjn	A	DTT	900	Q14790
3kjn	A	B93	950	Q14790
3kjq	A	B94	480	Q14790
3kjq	A	B94	481	Q14790
3mks	D	C1C	1	P07834
1mc0	A	PCG	160	Q922S4
3f6g	B	ILE	1	Q8F3Q1
3f6h	A	ILE	1	Q8F3Q1
1dva	Y	Ac-ALCDDPRVDRWYCQFVEG-NH2	Chain_Y	P08709
4z6a	T	T	1-207	P08709
3pxf	T	2AN	1-207	P24941
3pxq	T	2AN	1-207	P24941
3pxz	T	2AN	1-207	P24941
3py1	T	2AN	1-207	P24941
4ez7	T	2AN	1-207	P24941
6q3f	A	HEW	301	P24941
6q49	A	DMS	402	P24941
6q4d	A	HHT	302；303	P24941
6q4d	A	HHT	304	P24941
6q4d	A	HHT	305	P24941
1r1v	A	ZN	501	O85142
2m30	A	ZN	201	O85142
1b4k	A	MG	402	Q59643
1gzg	A	MG	1338	Q59643
1w54	A	MG	1339	Q59643
1w56	A	MG	1338	Q59643
1w5m	A	MG	1343	Q59643
1w5n	A	MG	1339	Q59643
1w5o	A	MG	1338	Q59643
1w5p	A	MG	1342	Q59643
1w5q	A	MG	1338	Q59643
2c13	A	MG	1336	Q59643
2c14	A	MG	1336	Q59643
2c15	A	MG	345	Q59643
2c16	A	MG	1336	Q59643
2c18	A	MG	347	Q59643
2c19	A	MG	1336	Q59643
2woq	A	MG	1335	Q59643
3obk	A	MG	365	S8F7E9
5cc9	A	NAP	201	P0ABQ4
5w3q	A	NDP	201	P0ABQ4
3alo	A	ASP	201	P45985
4leg	A	1XF	301	P43235
5j94	A	1XF	301	P43235
5ja7	A	6HM	301	P43235
4tpw	A	33R	302	P06730
4tqb	A	34K	302	P06730
4tqc	A	34J	302	P06730
3n1v	F	3N1	1	P14324
3n1w	F	3N2	1	P14324
3n3l	F	MS0	1	P14324
3n45	F	3N3	1	P14324
3n46	F	3N5	1	P14324
3n49	F	3N4	1	P14324
3n5h	F	GO0	1	P14324
3n5j	F	GO1	1	P14324
3n6k	F	BFH	1	P14324
4lpg	F	1MV	402	P14324
4lph	F	YL3	402	P14324
4qxs	F	WC1	403	P14324
4rxa	A	3F2	1001	P14324
5dgm	F	59Z	59	P14324
5dgn	F	59Y	401	P14324
5diq	F	5B9	403	P14324
5djp	F	5BJ	401	P14324
5djr	F	5BK	403	P14324
5djv	F	5BL	401	P14324
5ja0	F	FPP	402	P14324
5juz	F	YL4	403	P14324
5jv0	F	YL5	403	P14324
5jv1	F	YL6	403	P14324
5jv2	F	6O3	404	P14324
5ksx	F	7AM	402	P14324
6n7y	F	KFA	404	P14324 
6n7z	F	KF7	404	P14324
6n82	F	YF7	404	P14324 
6n83	F	YL6	404	P14324 
6oag	F	M2Y	404	P14324 
6oah	F	M2V	404	P14324
4ebv	A	0O7	700	Q05397
4ebw	A	0PF	700	Q05397
4i4f	A	1BR	702	Q05397
5xez	A	97V	1208	P47871
5xf1	A	97V	1207	P47871
3lsw	A	4MP	801	Q9Z2W9
3lsx	A	PZI	802	Q9Z2W9
3m3f	A	P99	800	P19492
3k8y	A	CA	169	P01112
3lbh	A	CA	169	P01112
3lbi	A	CA	169	P01112
3oiu	A	CA	170	P01112
3oiv	A	DTT	171	P01112
3oiw	A	CA	168	P01112
4dlr	A	DTU	203	P01112
4dlt	A	CA	204	P01112
4dlu	A	CA	204	P01112
4dlv	A	DTT	205	P01112
4dlw	A	CA	204	P01112
4dlx	A	DTU	205	P01112
4dly	A	DTT	204	P01112
4dlz	A	DTU	204	P01112
4g0n	A	DTT	206	P01112
4g0n	A	CA	202	P01112
5e95	B	NS1	1-97	P01112
5zc6	A	KBF	202	P01112
3v4f	A	DTT	201	P20171
2pbk	A	chain C	201	O36607
4p3h	A	25G	201	O36607
3ao1	A	BZX	213	Q72498
3ao3	B	BMC	1	Q72498
3ao5	B	BBY	1	Q72498
3l3v	A	SUC	1	Q72498
3ovn	B	MPV	213	Q72498
3vq4	A	0NX	305	Q72498
3vq4	B	0NX	303	Q72498
3vq5	A	MMJ	1007	Q72498
3vq7	B	SNU	304	Q72498
3vq7	A	SNU	1004	Q72498
3vq7	B	SUC	305	Q72498
3vq8	A	BCU	1006	Q72498
3vqa	B	MWP	303	Q72498
3vqa	B	SUC	304	Q72498
3vqb	A	FBG	304	Q72498
3vqc	A	MPK	304	Q72498
3vqd	A	MOK	304	Q72498
3vqe	A	FMQ	1006	Q72498
3vqp	A	DBJ	306	Q72498
3vqq	A	BTE	306	Q72498
3vqq	A	SUC	304	Q72498
2j0x	A	LYS	1451	P08660
3ijg	C	AVR	200	P14174
3ijj	C	AVR	200	P14174
3u18	A	Y0X	999	P14174
6peg	E	4FQ	201	P14174
3o2m	A	46A	701	P45983
1yv3	A	BIT	800	P08799
2jhr	A	PBQ	1780	P08799
2xel	A	IA2	999	P08799
2xo8	A	H70	1778	P08799
3bz7	A	BL4	800	P08799
3bz8	A	BL6	800	P08799
3bz9	A	BL7	800	P08799
3mjx	A	BIT	902	P08799
5btr	A	STL	702	Q96EB6
5btr	D	STL	102	Q96EB6
5btr	D	STL	102	Q96EB6
4c7b	A	BVB	1395	Q9NTG7
1zdq	A	MSM	1507	P38501
1zds	A	ACM	2500	P38501
2b08	A	ACM	1503	P38501
5sw8	A	70S	1102	P42336
5sw8	A	FB1	1103	P42336
5swg	A	AX7	1101	P42336
5swg	B	CAQ	701	P42336
5swo	A	70T	1102	P42336
5swo	B	2ZV	701	P42336
5swp	A	70W	1101	P42336
5swp	A	70V	1103	P42336
5swr	B	SAL	701	P42336
5swt	A	71A	1101	P42336
5sx8	A	LUZ	1102	P42336
5sx8	A	71M	1101	P42336
5sx9	A	71L	1101	P42336
5sxa	A	71N	1101	P42336
5sxb	B	SOA	701	P42336
5sxc	A	URF	1101	P42336
5sxd	B	71F	701	P42336
5sxe	A	71G	1101	P42336
5sxf	A	HPP	1101	P42336
5sxi	B	71J	701	P42336
5sxk	B	71K	701	P42336
3ho8	A	COA	2001	Q99UY8
4qsh	A	2BA	2004	L8DYY9
4qsk	A	2BA	2000	L8DYY9
3uvv	B	REA	501	P19793
5lyq	A	7BE	501	P19793
4zji	A	4OQ	601	Q13153
4zjj	A	4OR	601	Q13153
4zlo	A	4PV	601	Q13153
5l7i	A	VIS	1202	Q99835
5f6w	A	5VL	201	P63279
5f6y	A	5VM	201	P63279
2ns8	A	ACE	201	P04483
3zqf	A	GLU	201	P04483
3zqg	A	ARG	201	P04483
3zqh	A	SER	201	P04483
3zqi	A	SER	201	P04483
2xpu	A	TDC	1209	P0ACT4
6fpl	A	TAC	301	P0ACT4
6fpm	A	TAC	301	P0ACT4
6qjw	A	CTC	301	P0ACT4
6qjx	A	MIY	301	P0ACT4
6rbl	A	DXT	301	P0ACT4
6rbm	A	MIY	301	P0ACT4
6rcr	A	DXT	301	P0ACT4
6rgx	B	DXT	301	P0ACT4
2vpr	A	TDC	1206	P51561
6px5	B	0G6	801	P00734 
3pa8	A	IHP	257	Q189K3
3pee	A	IHP	255	Q189K3
6kx3	A	8ZO	202	P61586
5n9r	A	8RN	1003	Q93009
5n9t	A	8QQ	1005	Q93009
6vn2	A	R44	601	Q93009
6vn3	A	R3Y	601	Q93009
6vn4	A	R4D	601	Q93009
6vn5	A	R41	601	Q93009
6vn6	A	R4J	601	Q93009
3rz3	A	U94	1	P49427
4mdk	A	U94	201	P49427
3prj	A	UDX	501	O60701
3ptz	A	UDX	501	O60701
3pjg	A	UGA	902	C4XAX5
4luc	A	20G	203	P01116
4lv6	A	20H	203	P01116
4lyf	B	21C	201	P01116
4lyh	B	21F	201	P01116
4lyj	A	21F	202	P01116
4m1o	B	21J	201	P01116
4m1s	B	21K	201	P01116
4m1t	B	21M	201	P01116
4m1w	A	21R	202	P01116
4m1y	B	21S	201	P01116
4m21	B	21Y	201	P01116
4m22	B	22C	202	P01116
5f2e	A	5UT	204	P01116
5v9l	A	91D	203	P01116
5v9o	A	91G	203	P01116
6t5b	A	O7K	203	P01116
6t5u	A	MKW	203	P01116
6t5v	A	MKZ	203	P01116
6tam	A	MZQ	203	P01116
6tan	A	MZN	203	P01116
2hh7	A	CU1	120	P9WP49
2i7p	A	ACO	1604	Q9H999
3mk6	A	ACO	1901	Q9H999
5kqd	A	PKZ	401	Q9H999
3hl8	A	BBP	501	P04995
4avb	A	CMP	400	O05581
4avc	A	CMP	400	O05581
3e5u	A	3C4	501	B8FW11
3e5x	A	3C4	501	B8FW11
3e6b	A	3C4	301	B8FW11
3e6c	C	3C4	604	B8FW11
2pio	A	2MI	933	P10275
2pio	A	2MI	934	P10275
2pip	L	K10	936	P10275
2pip	L	ICO	935	P10275
2piq	A	RB1	933	P10275
2pit	A	4HY	933	P10275
2piu	A	4HY	932	P10275
2piu	A	4HY	933	P10275
2piv	A	T3	933	P10275
2piw	A	T3	932	P10275
2piw	A	T3	933	P10275
2pix	A	FLF	2386	P10275
2pkl	A	4HY	932	P10275
2qpy	A	4HY	1	P19091
2yhd	A	AV6	1921	P10275
2ylo	A	YLO	1922	P10275
2ylq	A	YLQ	1922	P10275
3zqt	A	30Z	1920	P10275
4hlw	A	17W	1002	P10275
4k7a	A	MXD	1002	P10275
3irh	A	DGT	458	Q836G9
4lrl	B	DGT	502	Q836G9
4lrl	B	TTP	503	Q836G9
3hv8	A	C2E	900	Q9HUK6
3lla	A	PO4	5954	P42527
3lmh	A	PO4	842	P42527
3lmi	B	PO4	5956	P42527
3pdt	A	PO4	810	P42527
1oj9	A	1PB	1503	P27338
2bk3	A	FOH	1503	P27338
2byb	A	DPK	601	P27338
2c65	A	4CR	601	P27338
2v5z	A	SAG	1503	P27338
2v60	A	C17	1503	P27338
2v61	A	C18	1503	P27338
2xcg	A	XCG	602	P27338
2xfn	A	XCG	1501	P27338
2xfo	A	XCG	1504	P27338
2xfp	A	XCG	602	P27338
2xfq	A	XCG	602	P27338
3zyx	A	MBT	601	P27338
4a79	A	P1B	601	P27338
4a7a	A	RGZ	601	P27338
4crt	A	ASS	601	P27338
1dd7	A	1PM	601	P29477
2orp	A	R86	601	P29477
2orq	A	MSR	601	P29477
3nqs	A	AT2	906	P29477
1njj	A	GET	601	Q9TZZ6
5dou	A	NLG	2010	P31327
6uel	A	Q5A	1494	P31327 
6uel	B	Q5A	1494	P31327 
2zmf	A	CMP	2001	Q9Y233
2bbh	A	MG	302	Q9WZ31
2iub	A	MG	1351	Q9WZ31
4eed	A	MG	404	Q9WZ31
4i0u	A	MG	401	Q9WZ31
1w25	A	C2E	401	B8GZM2
2v0n	A	C2E	401	B8GZM2
5h3q	A	7HF	1001	P04629
6d1y	A	FQJ	801	P04629
6d1z	A	FQM	803	P04629
6d20	A	FQG	801	P04629
6npt	A	KWY	801	P04629
6nsp	A	L0P	801	P04629
6nss	A	L0M	801	P04629
4p02	A	C2E	801	Q3J125
6vum	A	CLR	702	P35610
5lrs	A	GSH	301	P22262
4bnt	B	36E	1248	O54438
4bnu	B	9KQ	1248	O54438
4bnv	B	Q7U	1247	O54438
4bnx	A	O74	1247	O54438
4bny	B	36I	1248	O54438
4bnz	A	8M5	1248	O54438
4bo0	A	FXE	1248	O54438
4bo1	B	NKH	1248	O54438
4bo2	A	36K	1248	O54438
4bo3	A	U98	1248	O54438
4bo4	A	36G	1248	O54438
4bo5	B	WI4	1248	O54438
4bo6	A	36P	1248	O54438
4bo7	A	J2T	1248	O54438
4bo8	B	34X	1248	O54438
4bo9	A	3X3	1248	O54438
4w9n	B	TCL	1905	P49327
1nh8	A	HIS	289	P9WMN1
5lht	A	TIH	301	P9WMN1
5lhu	A	HIS	301	P9WMN1
2vd3	A	HIS	1290	O27550
3rhw	B	IVM	348	O17793
3ri5	B	IVM	349	O17793
3ria	A	IVM	348	O17793
3rif	A	IVM	402	O17793
3p4w	A	DSF	319	Q7NDN8
3p50	A	PFL	319	Q7NDN8
4f8h	A	RKE	401	Q7NDN8
5hcj	E	MBR	402	Q7NDN8
5hcm	D	MBR	401	Q7NDN8
5muo	D	PFL	402	Q7NDN8
5mur	B	PFL	407	Q7NDN8
5mvn	B	PFL	410	Q7NDN8
5mzq	A	MBR	411	Q7NDN8
6emx	A	MBR	404	Q7NDN8
2q6h	A	CXX	801	O67854
2q72	A	IXX	801	O67854
2qb4	A	DSM	801	O67854
2qei	A	CXX	801	O67854
3f48	A	BOG	706	O67854
3eps	A	AMP	1604	Q8X607
3lc6	B	AMP	1604	Q8X607
3lcb	A	AMP	1604	Q8X607
3uo9	B	04A	2	O94925
3voz	A	04A	601	O94925
3vp1	A	04A	601	O94925
3vp2	A	BP0	601	O94925
3vp3	A	BP8	601	O94925
3vp4	A	BP9	601	O94925
5jyo	C	63J	601	O94925
5jyo	D	63J	601	O94925
5jyo	F	63J	601	O94925
5jyp	A	ZBS	601	O94925
5wj6	A	B4A	601	O94925
4jkt	D	04A	701	D3Z7P3
4pa0	A	2OW	1101	P12883
2qxl	A	ATP	1002	P32589
3d2e	A	ATP	1001	P32589
3d2f	A	ATP	1001	P32589
1f2u	A	ATP	901	P58301
3qku	A	ANP	1001	P58301
4ncj	A	ADP	901	P58301
3aux	A	ADP	1006	Q58718
3auy	A	ADP	1006	Q58718
3av0	B	AGS	1006	Q58718
3tho	A	ADP	1452	Q9X1X1
5wmv	A	ZCW	503	P14902
5wmx	A	ZCW	503	P14902
1b2y	A	CL	498	P04746
1bsi	A	CL	499	P04746
1cpu	A	CL	499	P04746
1hny	A	CL	498	P04746
1kbb	A	CL	498	P04746
1kbk	A	CL	498	P04746
1u2y	A	CL	498	P04746
1u30	A	CL	498	P04746
1u33	A	CL	499	P04746
1xcw	A	CL	498	P04746
1xcx	A	CL	498	P04746
1xd0	A	CL	500	P04746
1xd1	A	CL	498	P04746
1xh1	A	CL	499	P04746
1xh2	A	CL	499	P04746
2cpu	A	CL	499	P04746
2qmk	A	NO2	499	P04746
2qv4	A	NO2	499	P04746
3bai	A	NO3	500	P04746
3baj	A	NO3	501	P04746
3bak	A	NO3	500	P04746
3baw	A	CL	499	P04746
3bax	A	CL	499	P04746
3bay	A	NO3	501	P04746
3cpu	A	CL	498	P04746
3ij7	A	CL	498	P04746
3ij8	A	CL	498	P04746
3ij9	A	CL	498	P04746
3old	A	CL	498	P04746
3ole	A	CL	498	P04746
3olg	A	CL	498	P04746
3oli	A	CL	498	P04746
4gqq	A	0XR	502	P04746
4gqq	A	0XR	503	P04746
4gqq	A	0XR	504	P04746
4gqq	A	CL	505	P04746
4gqr	A	CL	503	P04746
1bvn	P	CL	2002	P00690
1dhk	A	CL	498	P00690
1hx0	A	CL	498	P00690
1jfh	A	CL	498	P00690
1kxq	A	CL	4002	P00690
1kxt	A	CL	4002	P00690
1ose	A	CL	498	P00690
1pif	A	CL	600	P00690
1pig	A	CL	600	P00690
1ppi	A	CL	498	P00690
1ua3	A	CL	498	P00690
1vah	A	CL	498	P00690
1wo2	A	CL	498	P00690
3l2l	A	CL	502	P00690
3l2m	A	CL	502	P00690
5ue4	B	5XQ	307	P14780
4m0y	A	M0Y	702	Q08881
4m0z	A	M0Z	701	Q08881
4m12	A	1YZ	701	Q08881
4m14	A	QWS	702	Q08881
4m15	A	QWS	701	Q08881
6htf	B	rF10 repebody	1-266	Q06187
1t4g	A	ANP	401	O73948
2fpk	A	ADP	401	O73948
2fpl	A	ANP	401	O73948
2fpm	A	ANP	401	O73948
2gdj	A	ANP	401	O73948
3fyh	A	ADP	401	O73948
3fyh	A	W	401	O73948
3ntu	A	ANP	401	O73948
3etl	A	ANP	401	P0CW58
2y39	A	NI	150	P37975
2y3b	A	CO	1149	P37975
3epv	A	CU	1	P37975
3zg1	A	NI	150	P37975
3dba	A	35G	1	P52731
3k8s	B	Z27	2	P37231
6ms7	A	V77	600	P37231
5ehp	A	5OA	601	Q06124
5ehp	B	5OA	601	Q06124
5ehr	A	5OD	601	Q06124
5ehr	B	5OD	601	Q06124
5xzr	A	8J6	601	Q06124
6bmr	A	DZV	601	Q06124
6bmu	A	DZV	602	Q06124
6bmu	A	5OD	601	Q06124
6bmv	A	DZS	601	Q06124
6bmw	A	DZS	602	Q06124
6bmw	A	5OD	601	Q06124
6bmx	A	DYV	601	Q06124
6bmy	A	DYV	602	Q06124
6bmy	A	5OD	601	Q06124
6bn5	A	DZJ	601	Q06124
6cmr	A	5OD	601	Q06124
6cms	A	5OD	601	Q06124
6crg	A	5OD	601	Q06124
6md7	A	JE1	601	Q06124 
6md9	A	JEJ	601	Q06124 
6mda	A	JED	601	Q06124 
6mdb	A	JE4	601	Q06124 
6mdc	A	JEA	601	Q06124 
6mdd	A	JE7	601	Q06124 
6wu8	A	U9Y	601	Q06124
7jvm	A	VKS	601	Q06124
7jvn	A	VKP	601	Q06124
7r75	A	33I	601	Q06124 
7r7d	A	37I	601	Q06124 
7r7i	A	3CW	601	Q06124 
7r7l	A	3ED	601	Q06124 
7rct	A	4Q4 	601	Q06124 
4zsi	A	GLP	301	Q9K492
4zsi	B	4R1	301	Q9K492
4zsk	A	16G	301	Q9K492
4zsk	B	4QY	301	Q9K492
5kw2	A	6XQ	2401	O14842
5tzr	A	MK6	2402	O14842
5tzy	A	7OS	2403	O14842
5icn	A	I6P	401	Q13547
4dn0	A	C2E	401	Q02PM6
4etz	A	C2E	501	Q9HZE7
4eu0	A	C2E	501	Q9HZE7
4euv	A	C2E	501	Q9HZE7
3smq	A	TDU	1	O60678
4hsg	A	KTD	601	O60678
4ryl	A	3ZG	601	O60678
3ath	A	AKG	430	O57946
4bzb	A	DGT	430	Q9Y3Z3
4bzc	A	T8T	430	Q9Y3Z3
4mz7	A	DGT	430	Q9Y3Z3
4qfx	A	DGT	701	Q9Y3Z3
4qfy	A	DGT	701	Q9Y3Z3
4qfz	A	DGT	701	Q9Y3Z3
4qg0	A	DGT	701	Q9Y3Z3
4qg2	A	GTP	701	Q9Y3Z3
4qg4	A	GTP	701	Q9Y3Z3
4rxo	B	GTP	702	Q9Y3Z3
4rxo	C	GTP	702	Q9Y3Z3
4rxo	D	GTP	702	Q9Y3Z3
4rxp	A	GTP	703	Q9Y3Z3
4rxp	B	GTP	703	Q9Y3Z3
4rxq	A	GTP	804	Q9Y3Z3
4rxr	B	GTP	801	Q9Y3Z3
4rxs	A	GTP	801	Q9Y3Z3
4tnp	A	DCP	701	Q9Y3Z3
4tnq	A	TTP	701	Q9Y3Z3
4tnr	A	DTP	701	Q9Y3Z3
4tnx	A	DGT	701	Q9Y3Z3
5ao0	A	DG3	2002	Q9Y3Z3
5ao0	B	DG3	2002	Q9Y3Z3
5ao1	B	DG3	1584	Q9Y3Z3
5ao2	B	DGT	1583	Q9Y3Z3
5ao3	A	GTP	1585	Q9Y3Z3
5ao3	C	GTP	1585	Q9Y3Z3
5ao3	D	GTP	1585	Q9Y3Z3
5ao4	A	GTP	1585	Q9Y3Z3
5ao4	A	GTP	1586	Q9Y3Z3
5ao4	C	GTP	1585	Q9Y3Z3
5ao4	C	GTP	1586	Q9Y3Z3
5ao4	D	GTP	1585	Q9Y3Z3
5ao4	D	GTP	1586	Q9Y3Z3
6dw4	A	HF7	705	Q9Y3Z3
6dwd	A	HDV	704	Q9Y3Z3
6u6y	A	DTP	702	Q9Y3Z3
7a5y	A	MG	703	Q9Y3Z3
5lhn	B	Nb7	1-247	P06869
5lhp	B	Nb7	1-247	P06869
5lhq	B	Nb7	1-247	P06869
5nn4	A	SC2	1016	P10253
6hv0	A	GUK	1001	O75460
6hx1	A	GXK	1001	O75460
5ftj	A	OJA	1001	P55072
7lmy	A	Y6Y	903	P55072
7nec	A	U95	601	P55072
2ypo	A	PHE	900	O53512
2ypo	B	PHE	900	O53512
3kgf	B	TRP	9004	O53512
3kgf	B	PHE	9001	O53512
3kgf	B	PHE	4188	O53512
3nud	B	PHE	467	O53512
3nud	B	PHE	466	O53512
3nud	B	PHE	468	O53512
3nue	B	TRP	9004	O53512
3nue	A	TRP	9004	O53512
3rzi	B	TRP	466	O53512
3rzi	B	PHE	465	O53512
5e7z	A	TRP	505	O53512
5e7z	B	TRP	505	O53512
5ex4	A	TRP	502	O53512
5ex4	A	TRP	504	O53512
5ex4	B	TRP	508	O53512
5llm	A	6Z6	603	P43003
5lm4	A	6Z6	603	P43003
5mju	A	6Z6	601	P43003
4h36	A	LYS	601	P53779
4h39	A	PRO	601	P53779
4h3b	A	VAL	601	P53779
1fxo	A	TMP	9507	Q9HU22
1g0r	A	THM	2538	Q9HU22
1g1l	A	DAU	3501	Q9HU22
1g2v	A	TTP	3501	Q9HU22
1g3l	A	TRH	501	Q9HU22
3zlk	A	Y46	400	Q9HU22
3zll	A	4WF	400	Q9HU22
4arw	A	HNR	400	Q9HU22
4asj	A	N6A	1294	Q9HU22
4asy	A	N5Y	1294	Q9HU22
4b2w	A	BZ0	1294	Q9HU22
4b2x	A	NIQ	400	Q9HU22
4b3u	A	NWL	400	Q9HU22
4b4b	A	GJB	400	Q9HU22
4b4g	A	KKT	400	Q9HU22
4b4m	A	JWT	400	Q9HU22
4b5b	A	BBE	400	Q9HU22
5ftv	A	KDT	1294	Q9HU22
5fu0	A	FKH	1294	Q9HU22
5fu8	A	DHS	500	Q9HU22
5fuh	A	HKX	400	Q9HU22
1h5r	A	THM	1292	P37744
1h5s	A	TMP	1292	P37744
1lvw	A	TYD	3002	O27819
1mp3	A	TTP	504	A9N7P9
4ho2	A	THM	301	Q9AGY4
4ho3	A	TTP	301	Q9AGY4
4ho4	A	THM	303	Q9AGY4
4ho5	A	DAU	301	Q9AGY4
4ho6	A	UTP	301	Q9AGY4
4ho8	A	THM	301	Q9AGY4
4ho9	A	UTP	301	Q9AGY4
4gau	A	NMY	3184	Q7MAW7
1hak	A	K21	901	P08758
1z2l	A	SO4	513	P77425
2poc	A	UD1	5002	P53704
2put	B	UD1	5003	P53704
2puv	B	UD1	5003	P53704
7aud	A	RY8	1303	P54132
1bm7	A	FLF	501	P02766
1dvs	A	STL	125	P02766
1dvt	A	FLP	125	P02766
1dvu	B	DBF	125	P02766
1dvx	B	DIF	125	P02766
1dvy	A	BPD	125	P02766
1dvz	A	OFL	125	P02766
1e4h	A	PBR	998	P02766
1eta	1	T44	128	P02766
1etb	1	T44	128	P02766
1f86	A	T44	428	P02766
1tha	A	T33	130	P02766
1thc	A	FL9	131	P02766
1tlm	A	MIL	128	P02766
1tt6	A	DES	129	P02766
1tyr	A	REA	131	P02766
1u21	A	P2C	211	P02766
1y1d	A	FHI	2000	P02766
1z7j	A	T4A	128	P02766
2b14	A	DNF	128	P02766
2b15	A	DNF	130	P02766
2b16	A	DNF	128	P02766
2b77	A	3CA	240	P02766
2b9a	A	FBC	301	P02766
2f7i	A	26C	326	P02766
2fbr	A	44C	173	P02766
2flm	A	6CA	201	P02766
2g5u	A	PCQ	240	P02766
2g9k	A	NE1	501	P02766
2gab	A	NE2	502	P02766
2qgc	A	MR4	128	P02766
2qgd	A	MR5	200	P02766
2qge	A	MR6	201	P02766
2rox	A	T44	128	P02766
2roy	A	P28	128	P02766
3b56	A	DIU	2000	P02766
3cfn	A	2AN	1	P02766
3cfq	A	DIF	1	P02766
3cft	A	5NS	1	P02766
3cn0	A	LJ1	128	P02766
3cn1	A	LJ2	128	P02766
3cn2	A	LJ3	128	P02766
3cn3	A	LJ4	128	P02766
3cn4	A	LJ5	128	P02766
3d2t	A	1FL	502	P02766
3esn	A	DZ1	128	P02766
3eso	A	DZ2	128	P02766
3esp	A	DZ3	128	P02766
3fc8	A	IFA	3000	P02766
3fcb	A	IFB	3000	P02766
3glz	A	1BD	500	P02766
3gs0	A	6BD	128	P02766
3gs4	A	7BD	501	P02766
3gs7	A	8BD	128	P02766
3hj0	A	A93	128	P02766
3imr	A	IW1	128	P02766
3ims	A	IW2	128	P02766
3imt	A	IW3	128	P02766
3imu	A	IW4	128	P02766
3imv	A	IW5	128	P02766
3imw	A	IW6	128	P02766
3ipb	A	JZD	128	P02766
3kgt	A	GEN	3071	P02766
3kgu	A	GEN	3071	P02766
3m1o	A	CJZ	128	P02766
3neo	A	G24	1	P02766
3nes	A	B72	1	P02766
3nex	A	G24	126	P02766
3ng5	A	KDH	128	P02766
3ng5	A	KDH	129	P02766
3ozk	A	T44	128	P02766
3ozl	A	FLF	501	P02766
3p3r	A	3M1	128	P02766
3p3s	A	3M2	128	P02766
3p3t	A	3M3	128	P02766
3p3u	A	3M4	128	P02766
3tct	A	3MI	128	P02766
4abq	A	4V2	1125	P02766
4abu	A	FT1	1125	P02766
4abv	A	FT2	1125	P02766
4abw	A	42M	1125	P02766
4ac2	A	43F	1125	P02766
4ac4	A	HKA	1125	P02766
4act	A	FT0	1125	P02766
4der	A	AGI	201	P02766
4des	A	57D	201	P02766
4det	A	KMP	201	P02766
4deu	A	NAR	205	P02766
4dew	A	LU2	201	P02766
4fi6	A	0U7	301	P02766
4fi7	A	0UA	301	P02766
4fi8	A	0UC	301	P02766
4hiq	A	16V	201	P02766
4his	A	3MI	201	P02766
4hjs	A	18J	201	P02766
4hjt	A	18A	201	P02766
4hju	A	16L	201	P02766
4i85	A	H50	201	P02766
4i87	A	H50	201	P02766
4i89	A	1FL	201	P02766
4iiz	A	LUR	201	P02766
4ik6	A	LUR	201	P02766
4ik7	A	IMN	201	P02766
4iki	A	IMN	201	P02766
4ikj	A	SUZ	201	P02766
4ikk	A	SUZ	201	P02766
4ikl	A	SUZ	201	P02766
4ky2	A	1W3	201	P02766
4l1s	A	1W4	201	P02766
4l1t	A	1WZ	201	P02766
4mas	A	PCQ	201	P02766
4n86	A	GBJ	201	P02766
4n87	A	GBJ	201	P02766
6imx	A	O4B	201	P02766
6imy	A	AJU	201	P02766
1ie4	A	T44	128	P02767
1fx2	A	DTT	1124	Q99279
4gvl	A	CA	603	Q74FS9
4gx0	A	CA	607	Q74FS9
4gx1	A	CA	605	Q74FS9
4gx2	A	CA	607	Q74FS9
4gx5	A	CA	606	Q74FS9
4h54	A	ZN	401	P31129
5t1a	A	VT5	1202	P41597
5ewj	B	QEL	501	Q13224
5ewl	A	5SL	508	Q13224
5ewm	B	5SM	503	Q13224
3jpy	A	ZN	901	Q00960
3qel	B	QEL	1	Q00960
3qem	B	QEM	396	Q00960
6e7r	B	HYS	503	Q00960
6e7s	B	HZ4	503	Q00960
6e7t	B	HYY	506	Q00960
6e7u	B	HX7	503	Q00960
6e7v	B	T88	502	Q00960
6e7w	B	HXM	503	Q00960
6e7x	B	T97	503	Q00960
4i1r	A	LZU	801	Q9UDY8
6f7i	A	CW5	801	Q9UDY8
6h4a	A	FNB	801	Q9UDY8
7ak0	A	RJK	801	Q9UDY8
7ak1	A	RJH	801	Q9UDY8
6x81	A	UTJ	201	P01375
6x83	A	UTS	201	P01375
6x85	B	UTV	901	P01375
6x86	B	UTY	901	P01375
1ig5	A	MG	78	P02633
1igv	A	MN	76	P02633
3icb	A	CA	77	P02633
1h9g	A	COA	77	P0A8V6
3f1o	A	2XY	1	Q99814
4ghi	A	0X3	401	Q99814
4gs9	A	0XB	401	Q99814
5tbm	A	79A	401	Q99814
3zm9	A	QMQ	1458	P35790
4x9e	G	DNA	1	P15723
6qcn	A	QUE	403	Q8IXJ6
1wd9	A	CA	903	Q9UM07
1wd9	A	CA	903	Q9UM07
1wda	A	CA	903	Q9UM07
1wda	A	CA	903	Q9UM07
2dew	X	CA	903	Q9UM07
2dew	X	CA	903	Q9UM07
2dex	X	CA	903	Q9UM07
2dex	X	CA	903	Q9UM07
2dey	X	CA	903	Q9UM07
2dey	X	CA	903	Q9UM07
2dw5	A	CA	903	Q9UM07
2dw5	A	CA	903	Q9UM07
3b1t	A	CA	903	Q9UM07
3b1t	A	CA	903	Q9UM07
3b1u	A	CA	903	Q9UM07
3b1u	A	CA	903	Q9UM07
4dkt	A	CA	704	Q9UM07
4dkt	A	CA	704	Q9UM07
1bj4	A	PLP	500	P34896
4tpt	A	35H	701	P53671
2cev	A	GAI	1001	P53608
3cev	B	ARG	402	P53608
4cev	A	GAI	407	P53608
3r6s	A	CMP	301	Q79VI7
3la2	A	AKG	224	P0A4U6
3la3	A	2FT	224	P0A4U6
3zfz	A	1W8	1669	Q54113
3zfz	A	MUR	1670	Q54113
3zg0	A	1W8	1676	Q54113
3zg0	A	MUR	1677	Q54113
4fxy	P	0W2	701	P42676
4m1p	A	CU1	201	A4INJ9
4nhv	A	2O6	308	Q81VW8
4nir	A	6DH	308	Q81VW8
4nl1	A	Z13	301	Q81VW8
1bqm	A	HBY	557	P03366
1bqn	A	HBY	559	P03366
1eet	A	BFU	2000	P03366
1hni	A	AAA	559	P03366
1hnv	A	TBO	559	P03366
1hpz	A	AAP	561	P03366
1hqu	A	HBY	561	P03366
1ikv	A	EFZ	2000	P03366
1ikw	A	EFZ	2000	P03366
1ikx	A	PNU	2000	P03366
1iky	A	MSD	2000	P03366
1s6p	A	IET	701	P03366
1s6q	A	TPB	701	P03366
1s9e	A	ADB	701	P03366
1s9g	A	ABZ	701	P03366
1sv5	A	65B	600	P03366
1tv6	A	CP9	561	P03366
1tvr	A	TB9	600	P03366
1uwb	A	TBO	559	P03366
2b5j	A	3AC	562	P03366
2b6a	A	T50	561	P03366
2be2	A	R22	4002	P03366
2ic3	A	HBY	562	P03366
2vg5	A	NNC	1551	P03366
2vg6	A	NNB	1551	P03366
2vg7	A	NNI	1551	P03366
2ykm	A	YKN	1559	P03366
2ykn	A	YKN	1559	P03366
2zd1	A	T27	557	P03366
2ze2	A	T27	556	P03366
3bgr	A	T27	556	P03366
3hvt	A	NVP	557	P03366
3irx	A	UDR	556	P03366
3is9	A	AC7	556	P03366
3kf0	A	4DX	201	P12499
3kfn	A	4DX	201	P12499
3kfr	B	1F1	201	P12499
3kfs	B	2FX	201	P12499
3qlh	A	T27	555	P03366
3qo9	A	QO9	556	P03366
3v81	A	NVP	901	P03366
4ej8	A	1F1	106	P12499
4ejd	A	1F1	102	P12499
4ejk	A	IOP	101	P12499
4ejl	A	IOP	106	P12499
4g1q	A	T27	601	P03366
4i2p	A	G73	601	P03366
4i2q	A	1BT	601	P03366
4icl	A	T27	601	P03366
4id5	A	T27	601	P03366
4idk	A	T27	601	P03366
4ify	A	T27	601	P03366
4ig3	A	T27	601	P03366
4ig3	A	J94	609	P03366
4k4q	B	06B	102	P12499
4k4r	A	27B	102	P12499
4kfb	A	T27	607	P03366
4kfb	A	1QP	601	P03366
4kko	A	1RE	601	P03366
4ko0	A	JLJ	601	P03366
4lsl	A	1YQ	601	P03366
4lsn	A	1YR	601	P03366
4mfb	A	29T	601	P03366
4nyf	A	4BI	301	P0C6F2
4o44	A	2RS	601	P03366
4ojr	A	2SQ	301	P03366
4puo	A	NVP	901	P03366
4pwd	A	NVP	901	P03366
4q0b	A	NVP	901	P03366
4tvg	A	K97	101	Q90EA1
4ohf	A	5GP	501	Q5ZZB6
4cll	A	BCT	1470	Q96PN6
4clp	A	ACT	1470	Q96PN6
4clw	A	SO3	1468	Q96PN6
4cly	A	BSY	1469	Q96PN6
4clz	A	ACT	1469	Q96PN6
4cm2	A	SO3	1470	Q96PN6
4oya	A	1VE	501	Q96PN6
4oyb	A	1VJ	502	Q96PN6
4oyi	A	1VK	501	Q96PN6
4oym	A	1ZC	501	Q96PN6
4oyo	A	1WC	502	Q96PN6
4oyp	A	BZ2	502	Q96PN6
4oyz	A	BCT	502	Q96PN6
4oz2	A	1Z6	501	Q96PN6
4oz3	A	1Z8	501	Q96PN6
4usw	A	ACT	1470	Q96PN6
5d0r	A	B1T	501	Q96PN6
5iv3	A	LRI	506	Q96PN6
5iv4	A	LRI	501	Q96PN6
4ppu	A	TYR	401	P42738
4ppv	A	PHE	401	P42738
4q9m	A	2ZW	301	Q8DRB3
4q9o	A	2ZW	301	Q8DRB3
3qak	A	UKA	1200	P00720
4oo9	A	2U8	4005	P00720
4phu	A	2YB	2401	P00720
5ee7	A	5MV	1201	P00720
5ndd	A	8TZ	2201	P00720
5ndz	A	8UN	2201	P00720
3ut3	B	EMJ	401	P05121
4aqh	A	TB7	1380	P05121
4g8o	D	96P	403	P05121
4g8r	B	96P	403	P05121
4gar	A	NMY	3161	P08179
1vm1	A	MA4	300	P0AD64
2o8b	A	ADP	936	P43246
2o8c	A	ADP	936	P43246
2o8d	A	ADP	936	P43246
2o8e	A	ADP	936	P43246
2o8f	A	ADP	936	P43246
1lth	R	FBP	320	E8ME30
4p2t	A	24Q	201	Q2HRB6
3njq	A	NJQ	197	P88911
1aqm	A	CL	900	P29957
1jd7	A	CL	900	P29957
1l0p	A	NO3	901	P29957
1jae	A	CL	501	P56634
1viw	A	CL	498	P56634
4grs	A	TYR	401	Q8U0A9
3zkr	A	MBR	401	P0C7B7
5lg3	A	Z80	401	P0C7B7
5lid	A	6XY	401	P0C7B7
3ho6	A	IHP	270	P16154
4n9i	A	PCG	301	C3SQJ7
2rde	A	C2E	301	A5F1K1
1qp0	A	HPA	599	P9WJJ7
1mho	A	CA	91	P02638
4bxc	A	G6P	1967	P30694
4bxh	A	EDO	1002	P30694
1jl0	A	PUT	2010	P56529
1fap	A	RAP	108	P62942
1nsg	A	RAD	108	P62942
2fap	A	RAD	108	P62942
3fap	A	ARD	402	P62942
4fap	A	ARD	402	P62942
3c31	A	LI	301	P22756
3c31	A	CL	303	P22756
3c32	A	CL	303	P22756
3c33	A	K	302	P22756
3c33	A	CL	304	P22756
3c34	A	Rb	302	P22756
3c34	A	CL	307	P22756
3c35	A	Cs	301	P22756
3c35	A	CL	314	P22756
3c36	A	NH4	301	P22756
3c36	A	CL	303	P22756
5mfq	A	2J9	901;902	P22756
5mfv	A	5PX	901;902	P22756
5mfw	A	7M6	901	P22756
2yn6	A	BA	1318	E0SJQ4
4qpl	A	V3L	201	P51668
3pna	A	CMP	250	P00514
7lz4	A	CMP	401	P00514
4mhd	A	SPD	201	Q9KL03
4mi4	A	SPM	201	Q9KL03
4r87	E	SPM	202	Q9KL03
4zsg	A	4QX	406	Q13164
4zsj	A	4R0	405	Q13164
4zsl	A	4QZ	401	Q13164
4tme	A	ETA	219	B1BQ33
4tme	A	ETA	220	B1BQ33
4tme	B	ETA	219	B1BQ33
4tme	B	ETA	220	B1BQ33
4tme	C	ETA	219	B1BQ33
4tme	C	ETA	220	B1BQ33
4ypq	A	4F1 	508	P51449
5c4o	A	4F1	601	P51449
5c4s	A	4Y5	601	P51449
5c4t	A	4Y6	601	P51449
5c4u	A	4Y7	601	P51449
5lwp	A	79U	601	P51449
6sal	A	L3E	601	P51449
6t4g	A	L3E	602	P51449
6t4i	A	4F1	602	P51449
6t4j	A	MHQ	601	P51449
6t4k	A	MHQ	601	P51449
6t4t	A	L3E	803	P51449
6t4u	A	4F1	803	P51449
6t4w	A	MJE	803	P51449
6t4x	A	L3E	602	P51449
6t4y	A	4F1	602	P51449
6t50	A	MJE	602	P51449
6tlm	A	MJE	601	P51449
6tlq	A	MJE	602	P51449
6tlt	A	MJE	601	P51449
6ucg	A	Q3Y	601	P51449
7np5	A	UKB	601	P51449
7np6	A	UK8	601	P51449
7npc	A	ULT	601	P51449
4yw8	A	1WD	708	P07379
5ded	A	0O2	302	O31611
4umx	A	VVS	1415	O75874
5de1	A	59D	502	O75874
5k11	A	NDP	501	O75874
5l57	A	6N3	502	O75874
5l58	A	6MX	502	O75874
5lge	B	6VN	502	O75874
5sun	B	70Q	502	O75874
5svf	A	70P	502	O75874
5tqh	A	7J2	502	O75874
6b0z	A	C81	502	O75874
6bky	A	K32	503	O75874
6bkz	A	DWM	502	O75874
6o2y	A	LJY	500	O75874
6o2z	A	LJV	500	O75874
4z87	A	GDP	602	Q756Z6
4z87	A	GDP	603	Q756Z6
4z87	A	GDP	604	Q756Z6
5mcp	A	ATP	601	Q756Z6
5mcp	A	ATP	602	Q756Z6
5tc3	A	ATP	601	Q756Z6
5tc3	A	GDP	602	Q756Z6
5tc3	A	GDP	603	Q756Z6
6rpu	A	G5P	503	Q756Z6
5fpt	A	3VY	1721	P26663
5fpy	A	R2N	1721	P26663
5e84	A	ATP	801	P11021
5d7y	B	58H	201	P03147
5d7y	C	58H	201	P03147
6bvf	B	E9D	201	P03147
6bvn	B	E9D	201	P03147
4coj	A	DTP	654	Q9WYL6
7ckz	R	G4C	503	P21728
7ljc	R	G4C	502	P21728
7ljd	R	G4C	502	P21728
5tkd	A	7GL	901	P29597
6nze	A	L8Y	901	P29597
6nzf	A	L91	901	P29597
6nzh	A	L9A	4000	P29597
6nzq	A	LB4	868	P29597
6nzr	A	LAJ	868	P29597
5kkn	B	6U3	801	O00763
5klp	A	IHP	401	Q6VE93
5klp	B	IHP	401	Q6VE93
5klp	C	IHP	401	Q6VE93
5klq	A	IHP	401	Q6VE93
5klq	B	IHP	401	Q6VE93
5klq	C	IHP	401	Q6VE93
5i2c	A	ARG	323	Q8WTX7
5i2c	B	ARG	323	Q8WTX7
5i2c	C	ARG	323	Q8WTX7
5i2c	D	ARG	323	Q8WTX7
6pf1	A	OJ7	1702	Q09472
6pgu	A	OK7	1702	Q09472
7cr2	A	FBX	801	O43526
7cr7	A	FBX	1001	O43526
5vdh	A	IVM	403	O75311
5vdi	A	IVM	403	O75311
4rw7	A	3X6	601	P03366
4rw8	A	3X6	601	P03366
4rw9	A	3X6	601	P03366
5oi2	A	9VN	305	P03366
5oi5	A	9VK	501	P03366
5oi8	A	9VN	302	P03366
5oia	A	9VK	303	P03366
6oe3	A	M9A	601	P03366
5yve	A	AF9	405	P56373
5et6	A	AMP	401,401,401,401	O00757
5et6	B	AMP	401,401,401,401	O00757
5et6	C	AMP	401,401,401,401	O00757
5et6	D	AMP	401,401,401,401	O00757
5et8	A	F6P	401	O00757
4wi1	A	3O6	801,801	Q8I5R7
4wi1	B	3O6	801,801	Q8I5R7
5ifu	A	GBM	801	Q8I5R7
5ifu	B	GBM	801	Q8I5R7
4kga	A	NI	301	Q9Y5K2
5kde	A	6RT	201	P9WI55
5kdf	A	6RU	201	P9WI55
5tf9	A	7AV	501	Q9H4A3
5wdy	A	A6S	902	Q9H4A3
5we8	A	A7Y	503	Q9H4A3
5y2f	A	8L9	402	Q8N6T7
6qce	A	HW2	408	Q8N6T7
6qch	A	HWB	410	Q8N6T7
6qcj	A	XEG	407	Q8N6T7
5ugh	A	8AJ	407	P31153
7bhr	A	TQE	401	P31153
7bhs	A	TNZ	401	P31153
7bht	A	TO8	402	P31153
7bhu	A	TOW	401	P31153
7bhv	A	TQB	401	P31153
7bhw	A	TNW	401	P31153
7bhx	A	TO5	402	P31153
7kcc	A	WBG	408	P31153
7kce	A	J41	401	P31153
7kcf	A	J4A	401	P31153
7kda	A	WBM	505	P31153
7kdb	A	WBS	401	P31153
5kwi	A	6Y1	401	P9WQN9
5kwj	A	6Y3	401	P9WQN9
5iwd	A	6EV	301	P16790
5gsa	A	73K	501	O75530
5gsa	B	73K	501	O75530
5h13	A	LQA	503	O75530
5h14	A	LQB	502	O75530
5h14	B	LQB	502	O75530
5h15	A	LQD	501	O75530
5h15	B	LQD	501	O75530
5h17	A	LQE	501	O75530
5h19	A	LQF	501	O75530
5h24	A	LQG	501	O75530
5ttw	B	UNC4859	1,2,3,4,5	O75530
5u5h	A	7VV	501	O75530
5u5k	A	7VY	502	O75530
5u5t	B	7W7	503	O75530
5u62	B	7WD	501	O75530
5wuk	A	73K	502	O75530
6sfb	A	L9K	501	O75530
6sfc	A	L9M	503	O75530
5lu8	A	5KN	306	Q99538
5lu9	A	3Y7	305	Q99538
5lua	B	5KN	304	Q99538
5lub	B	3Y7	304	Q99538
5urj	A	8LS	2202	O75643
5urk	A	8LP	2202	O75643
5jwc	H	4W0	609	Q8I302
5xe9	B	6CH	201	Q8DW05
5gug	A	I3P	3000,3000	P11881
5gug	B	I3P	3000,3000	P11881
5xa1	A	I3P	3000	P11881
5w3t	A	IHP	501	A0A0S4VB05
5w3x	A	IHP	501	A0A0S4VB05
5w3y	A	IHP	501	A0A0S4VB05
5w40	A	IHP	501	A0A0S4VB05
5ur3	A	8OY	201	O40922
5ute	A	8M4	201	O40922
5utn	A	8MA	201	O40922
5uv3	A	8N4	201	O40922
5uvp	A	8N7	201,202	O40922
5v5d	A	8OY	201	O40922
5v5e	A	8N4	201	O40922
5ut4	A	DQX	901	O60674
5ut5	A	2HB	905	O60674
5ut6	A	8MY	901	O60674
6d2i	A	35R	901	O60674 
5ue5	A	IDS;SGN	305-312	P09237
5u7m	G	83G	657	Q2N0S5
5u7o	G	83J	659	Q2N0S5
6u6c	B	PZV	501	P9WFX9
6usa	B	PZJ	501	P9WFX9
5klg	D	6UC	1305	A8EVM5
5kls	C	6UC	1304	A8EVM5
5kmd	C	6UB	1304	A8EVM5
5kmf	A	6U9	1301	A8EVM5
6ke5	B	6UB	1301	A8EVM5 
3x1m	A	COA	201	A0A0X1KGP2
3x1m	B	COA	201	A0A0X1KGP2
3x1m	C	COA	201	A0A0X1KGP2
4ruk	A	COA	201	A0A0X1KGP2
4ruk	B	COA	201	A0A0X1KGP2
4ruk	C	COA	201	A0A0X1KGP2
4ruk	D	COA	201	A0A0X1KGP2
4ruk	E	COA	201	A0A0X1KGP2
4ruk	F	COA	201	A0A0X1KGP2
4ofg	A	PCG	601	Q8I719
5aa4	A	6X4	1458	A0A1I9GEN8
5crl	A	HG	201	P0A183
5c6d	A	USP7	1-322	Q96T88
5c6d	B	USP7	1-322	Q96T88
5o2d	A	9HH	1201	Q460N5
5h08	A	7WL	2101	P23471
5fm2	A	PP1	2012	P07949
5fm3	A	PP1	2012	P07949
4rt7	A	P30	1001	P36888
6b21	A	C9V	501	P69681
5hot	A	2SQ	301	Q72498
6gk9	A	F2K	501	Q9HXM5 
5t3o	B	SO4	402	Q5SHU3
5nqb	C	MLI	402	P13491
5nqq	C	OAA	402	P13491
5npk	b	94H	1502	P66937
5npp	B	94K	1502	P66937
5ngz	A	2BG	201	Q9NPD8
5n69	A	2OW	904	Q9BE39
5m18	A	MUR	703	Q7DHH4
5m19	A	MUR	703	Q7DHH4
5m1a	A	MUR	703	Q7DHH4
5f74	A	AMP	233	Q9CQV8
5gre	B	CIT	403	P50213
5grf	B	CIT	401	P50213
5gri	B	CIT	401	P50213
5yvt	A	NAI	402	P50213
6l57	A	Mg	401	P50213
5i3p	A	68T	1003	Q6YMS4
5i3q	A	68E	1003	Q6YMS4
5jjr	A	68E	1004	Q6YMS4
5jjs	A	6L2	1004	Q6YMS4
6xd0	A	V0M	1008	Q6YMS4
6xd1	A	V0J	1003	Q6YMS4
5k5m	A	68T	1003	A0A097PIE2
4wv7	A	3UM	601	P0DMV8
6fhk	A	ADP	401	P0DMV8
5nzk	A	PHE	601	Q4QDU3
5nzl	A	STL	601	Q4QDU3
5nzm	A	9ET	601	Q4QDU3
6q9n	A	QLN	701	A0A0H3JPA5
5m05	A	52E	901	P10587
5t45	A	52E	901	P10587
4p86	A	5GP	182 183	P39765
5in4	A	6CK	1003	O60547
5lvx	A	79B	507	P04062
5lwe	A	79K	401	P51686
5lwe	B	79K	401	P51686
5m0e	A	7CR	922	Q64610
5m0m	A	7CF	925	Q64610
5m0s	A	7CW	925	Q64610
5y66	A	7ZR	502	Q84HF5
5var	A	92Y	1101	O75164
5l6s	C	FBP	504	P0A6V1
5l6v	A	AMP	501	P0A6V1
6shj	D	FBP	501	P0A6V1
6shn	D	FBP	501	P0A6V1
6shq	A	AMP	501	P0A6V1
6si8	A	AMP	501	P0A6V1
5wsb	A	AMP	503	P9WKE5
5wsb	A	G6P	501	P9WKE5
6ito	A	R5P	503	P9WKE5
5ofu	A	AMP	401	O97193
6bpl	A	AU7	602	P60753
6bpp	A	E1M	601	P60753
6l57	B	CIT	401	P51553
6l57	B	ATP	403	P51553
4cyd	A	CMP	1228	H7C677
6fba	A	D48	402	O15804
6cgl	A	DA	801	P50620
6cgn	A	DA	801	P50620
5olk	A	DTP	1001	A3XHF9
6fmu	A	DVK	602	G4V8J4
6fmz	A	DVQ	601	G4V8J4
6fp4	A	E1T	604	G4V8J4
6ftc	A	EPE	602	G4V8J4
6c98	B	ER7	101	P55899
6c99	A	EQY	301	P55899
4ks0	A	FDP	1004	Q4D9Z4
5x13	A	HC4	301	E0TW95
5x14	A	FER	201	E0TW95
5y8t	A	HC4	301	E0TW95
6h8r	A	FWB	602	P54829
6h8s	A	FSZ	601	P54830
6czm	A	HIS	402	G7JFL4
4yb5	A	HIS	304	Q5HSJ4
4yb5	B	HIS	304	Q5HSJ4
4yb5	C	HIS	304	Q5HSJ4
4yb5	D	HIS	304	Q5HSJ4
4yb5	E	HIS	304	Q5HSJ4
4yb5	F	HIS	304	Q5HSJ4
4tsx	A	LF0	301	F2WR39
5j6f	A	PRE	404	L8A208
4cjn	B	QNZ	1673	A0A0J9X1X5
4xcz	A	T3Q	403	F8RC03
5uxm	A	TRP	502	Q9I000
5hud	A	TRP	A:509,B:515,C:532,D:528	Q8NNL5
5hud	B	TRP	A:509,B:515,C:532,D:528	Q8NNL5
5hud	C	TRP	A:509,B:515,C:532,D:528	Q8NNL5
5hud	D	TRP	A:509,B:515,C:532,D:528	Q8NNL5
5hue	A	TRP	503	Q8NNL5
5w6y	A	TRP	401	A9S498
4p9d	A	TTP	203	H6WFU3
3zl6	A	NVU	1297	Q9HWY4
3zou	A	6H6	1299	Q9HWY4
6eb1	A	J3M	208	F2WR52
6eb2	A	J3P	301	F2WR52
6ncj	A	KJJ	305	F2WR52
6nuj	A	L3D	300	F2WR52
7ke0	A	WBV	301	F2WR52
6iik	A	IU1	501	P54578
6iil	A	A8F	501	P54578
6iim	A	A8L	501	P54578
6iin	A	A8O	501	P54578
5im3	A	DTP	1,001	Q9I4I1
5im3	B	DTP	1,001	Q9I4I1
5t3n	A	75G	503	Q7KQK0
5x33	A	7Y9	2001	A0A097J792
5oj0	A	9WT	801	A0A0E8T757
3wgg	A	8NA	301	D5KM69
5irz	D	6ES	802	O35433
4c8b	A	0LI	1000	O43353
3jaf	A	IVM	503	O93430
5uhv	A	GNP	201	P01111
5ikp	A	AMP	902	P11216
4w8f	A	ANP	5001	P36022
7mi3	A	ATP	4203	P36022
7mi6	A	ATP	4203	P36022
5on7	A	PIO	901	Q05785
4z07	A	PCG	401,402	Q13976
5x9u	A	ADP	601	Q3AF10
5ogc	K	9V5	401	Q8NI77
6d7o	A	FZ4	702	Q9R186
5iov	B	QEM	901	A0A1L8F5J9
5tpw	B	ZN	401	A0A1L8F5J9
5tq2	A	ZN	501	A0A1L8F5J9
5tq2	B	ZN	501	A0A1L8F5J9
6brh	A	DGT	702	Q60710
6brk	A	DGT	701	Q60710
5u1u	A	7S4	404	G1M6C4
5u1v	A	7S1	405	G1M6C4
5u1w	A	7RY	405	G1M6C4
5u1x	A	7RV	405	G1M6C4
5u1y	A	7RS	401	G1M6C4
5u2h	A	7S1	403	G1M6C4
4ple	A	CPS	603	O00482
4wlw	A	AG	200	P0A9G4
4yga	B	1B7	1-141	Q9BJF5
4yga	D	1B7	1-141	Q9BJF5
4yga	F	1B7	1-141	Q9BJF5
4yga	H	1B7	1-141	Q9BJF5
4ypl	A	4KZ	801	A0A059VAZ3
4z61	P	PSK	28-31	Q8LPB4
5fvl	C	VPS20	27	P52917
5fvl	D	VPS20	27	P52917
5htb	C	6L5	101	Q8TF76
5htc	C	66M	101	Q8TF76
5k1a	B	UAF1	1-677	O75317
5k1a	D	UAF1	1-677	O75317
5k1a	F	UAF1	1-677	O75317
5k1a	H	UAF1	1-677	O75317
5k1c	B	WDR20	1-563	O75317
5luq	K	KU80ct194	194	P78527
5luq	S	KU80ct194	194	P78527
5n70	B	PROPEPTID	8	V5HCK7
5o1s	A	9HB	802	P18654
5z45	A	MG	402	V5TDZ4
5z46	A	MG	402	V5TDZ4
6bhv	A	DQV	1101	P09874
6vkk	A	RPB	1101	P09874
4ov4	A	KIV	402	B0SN40
4ov9	A	VPM	402	B0SN40
5bq1	A	CO2	302,303	Q9HVB9
5cus	L	KTN3379	1-216	P21860
5cus	M	KTN3379	1-216	P21860
5cus	N	KTN3379	1-216	P21860
5cus	O	KTN3379	1-216	P21860
5k8t	A	MG	703	A0A146CJG7
6eop	D	SUMO1	8	Q6V1X1
6uxx	A	QL1	701	O14744
6uxy	A	QKY	701	O14744
6kkb	X	8HO	501	P10828 
6u2n	B	PV7	801	Q8NBP7
6u2p	B	PUV	804	Q8NBP7
6u36	A	PVM	801	Q8NBP7
6u38	B	PVJ	801	Q8NBP7
6u3x	B	PVV	801	Q8NBP7
6izw	A	GSP	301	Q1DB04 
7abu	A	R6Q	401	P0DTD1
7aga	A	LZE	401	P0DTD1
7amj	A	RMZ	409	P0DTD1
7aph	A	RT2	401	P0DTD1
7aqi	A	QEL	401	P0DTD1
7axm	A	93J	502	P0DTD1
6squ	B	D7I	801	O15357
6zgv	D	QKZ	401	P51570
6zgx	D	S6V	401	P51570
6zgy	A	QL5	403	P51570
6zgz	D	SSY	401	P51570
6thc	B	N9N	503	A0QWT2
6yuh	A	POW	503	Q9H7B4
6du6	A	FBP	601	Q16F38
6e5g	B	HUY	501	Q15562
6w29	A	SEV	601	Q4DJ68
6w2n	A	SJD	601	Q4DJ68
6w49	A	SWV	603	Q4DJ68
6w53	A	SZP	601	Q4DJ68
6w56	A	SZJ	602	Q4DJ68
6w57	A	SZG	602	Q4DJ68
6w59	A	SZD	602	Q4DJ68
6p4v	A	8XY	401	P49366
6pgr	A	8XY	401	P49366
6wkz	A	8Y1	701	P49366
6wl6	A	91A	701	P49366
7d7f	B	CA	704	A2A259
7ehm	A	J4C	401	P13995
7rtc	A	NCN	701	Q6IDD9
6rmd	D	ATP	501	A0A144A134
6ku3	A	GA4	401	Q8S0S6
6vfn	A	SPM	201	A0A0G3E2X5 
6swx	A	LWN	801	Q4QCD2
6li0	A	EN6	1401	Q9Y2T5
6qku	A	R3W	402	Q6NAM1
6qkw	B	FAH	402	Q6NAM1
6hgf	B	HCY	501	P01011 
6hgg	A	HCY	401	P01011
6hgi	A	C0R	401	P01011
6hgj	A	AS4	401	P01011 
6hgk	A	STR	401	P01011
6hgl	B	TES	401	P01011 
6s8f	F	ANP	2788	P38110 
6e3s	A	79A	401	P53762
7djt	G	H8L	1001	Q6SZW1
6iq4	G	D0X	201	P04908 
6qss	A	7MT	401	A0A0U3FQH7
5zma	A	9FX	601	O00167 
6mo0	A	JVJ	1158	Q91H74 
6mo1	A	I16	1158	Q91H74 
6mo2	A	JVM	1158	Q91H74 
6mc1	A	CJA	500	Q9Y6W6
6tpk	A	CLR	1502	P30559
6x9h	A	UZG	502	Q1XA76
6t65	C	MLH	301	V5VHN7
6t5x	A	NDP	301	P0A2C9
6z88	A	QBK	301	P30793 
6z89	A	QBK	301	P30793
6x3u	D	FYP	402	P47870
6x3x	C	DZP	406	P47870
6rrp	A	URS	601	Q9I188
5f91	A	5WJ	468	P9WN93
5f91	C	5WJ	468	P9WN93
6s43	A	KUE	468	P9WN93 
6s7k	A	KYZ	468	P9WN93
6s7s	A	KZ8	468	P9WN93
6s7u	A	KZK	468	P9WN93
6s7w	A	KZT	468	P9WN93
6s88	A	L0K	468	P9WN93
5xz9	A	ATP	322	P99165
5xza	A	ADP-Mg	323	P99165
6boz	A	E1J	402	Q9NQR1
6cjx	A	NAG	501	Q6MZV7
6cwy	D	FHJ	707	Q9UBE0
6d9s	A	G4P	201	B9ZW32 
6dja	A	ZN	258	P14488 
6eg2	A	J7J	1001	P51531
6eg3	A	J7G	1001	P51531
6g1b	J	PEO	405	Q8NP91
6gfm	A	0O2 	501	P0ADR8
6jta	A	GLN	1302	P74881
6jvu	B	CYS	701	A6TFK2
6kdy	A	NAD	401	Q43837
6kun	A	IAC	402	Q01IX6
6ld2	A	KY3	903	A0A024B7W1
6n3n	A	KA4	1004	Q9P2K8
6n3o	A	KA7	2500	Q9P2K8
6nbl	A	CYN	502	P00183
6nwk	A	DEX	301	Q9UBK2
6nwl	A	HCY	301	Q9UBK2
6o04	A	DNA	601	P9WK11
6o0g	A	DNA	601	P9WK11
6o0j	A	DNA	601	P9WK11
6o0n	A	DNA	601	P9WK11
6om8	A	UDX	501	Q19905
6on5	A	ZN	201	P50120
6qxa	A	GQB	809	Q9S5X0
6qxl	A	G6P	501	Q9HWK2
6qzh	A	JLW	1502	P62575
6r02	A	HIS	401	Q4FTX3
6rfu	A	ATP	601	P50098 
6rks	G	JHN	101	P0AES6 
6rku	G	JHN	101	P0AES6 
6rkw	G	JHN	101	P0AES6 
6s2t	A	G4P	401	Q5SHL3
6s2u	A	GN3	403	Q5SHL3
6s7z	A	KZN	468	P9WN94
6s8g	A	ANP	401	P0AFA1
6u3e	A	4IP	400	O43739
6u3g	A	4IP	400	O43739
6ui4	A	Q8V	802	A0A098D3M4
6v4s	A	CA	701	V4JF97
6vlc	A	UD1	400	A0A0U1RGY0
6vlc	C	UD1	400	A0A0U1RGY0
6vwp	A	g4p	501	P0AEW6
6xnv	A	2BA	201	Q8Y8A3
6yd5	A	OM8	401	P0A031
6yd6	A	OMW	402	P0A031
7d8x	B	GZR	502	Q92542
7dpt	A	GTP	701	Q9VUL1
7lvl	A	LYS	401	A0A0F4VK59
5uyy	A	TYR	401	Q81P63
6u60	A	TYR	401	Q81P63
6vvd	A	IHP	401	Q5ZSB6
6vve	A	IHP	401	Q5ZSB6
6wkn	A	LQ4	801	Q9WUD2
6y4t	A	O8W	401	P47811
6y4u	A	O98	401	P47811
6y4v	A	O8Z	401	P47811
6y4w	A	O8T	401	P47811
6y4x	A	O8Q	408	P47811
6y6v	A	OE5	401	P47811
6yjc	A	OSZ	401	P47811
6yk7	A	OU2	401	P47811
6zwp	A	OE8	401	P47811
6zwr	A	OEB	401	P47811
6zxm	A	C2E	301	B0SUI1
7a8p	A	R4Q	1301	O00411
7aia	A	RF8	513	Q8TB36
7cfm	R	FWX	401	Q8TDU6
7cfn	R	FX0	401	Q8TDU6
7d72	L	GDD	401	Q9Y5P6
7lgu	A	CL	801	P58743
7lgw	A	CL	801	P58743
7lh2	A	CL	802	P58743
7mew	A	Z5Y	601	A0A140NBS6
7npx	A	FAD	601	A0A3Q0KFL1
6e3u	B	HNJ	401	P97481
6pwh	A	VRD	201	Q9I834
6qx1	B	JK8	702	P0A0K8
6qx2	B	JK8	702	P0A0K8
6sbu	A	L5N	1001	P00338
6sbv	A	L5K	1001	P00338
6qu3	A	JJ5	1001	O15648
6qu4	A	JJ2	1001	O15648
